name,ra,dec,hip_number,vmag
HIP 122   ,00 01 35.8510,-77 03 55.060,122,4.78
HIP 154   ,00 01 57.5916,-06 00 50.298,154,4.37
HIP 301   ,00 03 44.3724,-17 20 09.492,301,4.55
HIP 355   ,00 04 30.1224,-10 30 34.180,355,4.99
HIP 443   ,00 05 20.1458,-05 42 28.197,443,4.61
HIP 677   ,00 08 23.1680,+29 05 26.981,677,2.07
HIP 746   ,00 09 10.0897,+59 09 00.785,746,2.28
HIP 765   ,00 09 24.5399,-45 44 49.158,765,3.88
HIP 910   ,00 11 15.9082,-15 28 02.362,910,4.89
HIP 1067  ,00 13 14.1500,+15 11 01.017,1067,2.83
HIP 1168  ,00 14 36.1081,+20 12 24.110,1168,4.79
HIP 1170  ,00 14 38.4327,-18 55 57.671,1170,4.44
HIP 1366  ,00 17 05.5356,+38 40 54.045,1366,4.61
HIP 1473  ,00 18 19.7053,+36 47 07.178,1473,4.51
HIP 1562  ,00 19 25.6830,-08 49 25.786,1562,3.56
HIP 1599  ,00 20 01.9142,-64 52 39.444,1599,4.23
HIP 2021  ,00 25 39.2020,-77 15 18.126,2021,2.82
HIP 2072  ,00 26 12.1162,-43 40 47.674,2072,3.93
HIP 2081  ,00 26 16.8674,-42 18 18.439,2081,2.4
HIP 2210  ,00 27 55.7127,-33 00 25.361,2210,4.86
HIP 2472  ,00 31 24.8561,-48 48 12.822,2472,4.76
HIP 2484  ,00 31 32.5608,-62 57 29.108,2484,4.36
HIP 2487  ,00 31 33.3552,-62 57 55.619,2487,4.53
HIP 2505  ,00 31 46.3179,+54 31 20.369,2505,4.74
HIP 2599  ,00 32 59.9865,+62 55 54.436,2599,4.17
HIP 2912  ,00 36 52.8390,+33 43 09.668,2912,4.34
HIP 2920  ,00 36 58.2670,+53 53 48.954,2920,3.69
HIP 3031  ,00 38 33.4993,+29 18 44.528,3031,4.34
HIP 3092  ,00 39 19.5974,+30 51 40.413,3092,3.27
HIP 3179  ,00 40 30.3872,+56 32 14.673,3179,2.24
HIP 3245  ,00 41 19.5760,-46 05 06.034,3245,4.59
HIP 3300  ,00 42 03.8842,+50 30 45.149,3300,4.8
HIP 3405  ,00 43 21.2440,-57 27 47.151,3405,4.36
HIP 3414  ,00 43 28.0907,+47 01 28.692,3414,4.95
HIP 3419  ,00 43 35.2283,-17 59 12.063,3419,2.04
HIP 3455  ,00 44 11.4055,-10 36 33.385,3455,4.77
HIP 3504  ,00 44 43.5021,+48 17 03.777,3504,4.48
HIP 3693  ,00 47 20.3902,+24 16 02.557,3693,4.08
HIP 3786  ,00 48 40.8954,+07 35 06.727,3786,4.44
HIP 3801  ,00 48 49.9933,+50 58 05.490,3801,4.9
HIP 3821  ,00 49 05.1006,+57 48 59.572,3821,3.46
HIP 3881  ,00 49 48.8297,+41 04 44.237,3881,4.53
HIP 4147  ,00 53 00.4905,-01 08 39.194,4147,4.78
HIP 4151  ,00 53 04.2793,+61 07 24.806,4151,4.8
HIP 4292  ,00 55 00.1930,+58 58 22.068,4292,4.83
HIP 4422  ,00 56 40.0105,+59 10 52.197,4422,4.62
HIP 4427  ,00 56 42.5011,+60 43 00.299,4427,2.15
HIP 4436  ,00 56 45.0977,+38 29 57.318,4436,3.86
HIP 4463  ,00 57 12.4278,+23 25 03.936,4463,4.4
HIP 4577  ,00 58 36.3459,-29 21 26.872,4577,4.3
HIP 4906  ,01 02 56.6559,+07 53 24.261,4906,4.27
HIP 5165  ,01 06 05.1065,-46 43 06.566,5165,3.32
HIP 5348  ,01 08 23.0601,-55 14 44.996,5348,3.94
HIP 5364  ,01 08 35.2637,-10 10 54.941,5364,3.46
HIP 5372  ,01 08 44.1594,+86 15 25.625,5372,4.24
HIP 5434  ,01 09 30.1222,+47 14 30.567,5434,4.26
HIP 5447  ,01 09 43.7976,+35 37 14.990,5447,2.07
HIP 5542  ,01 11 05.9307,+55 08 59.812,5542,4.34
HIP 5571  ,01 11 27.1942,+21 02 04.832,5571,4.66
HIP 5586  ,01 11 39.5867,+30 05 23.027,5586,4.51
HIP 5742  ,01 13 44.9352,+24 35 01.553,5742,4.67
HIP 5862  ,01 15 10.5677,-45 31 55.550,5862,4.97
HIP 5896  ,01 15 45.4953,-68 52 34.453,5896,4.25
HIP 6193  ,01 19 27.9779,+27 15 50.713,6193,4.74
HIP 6242  ,01 20 04.9177,+58 13 53.818,6242,4.95
HIP 6411  ,01 22 20.3930,+45 31 43.524,6411,4.87
HIP 6537  ,01 24 01.4512,-08 10 57.913,6537,3.6
HIP 6670  ,01 25 37.2093,-14 35 55.516,6670,4.9
HIP 6686  ,01 25 48.6030,+60 14 07.452,6686,2.66
HIP 6692  ,01 25 55.9042,+68 07 47.811,6692,4.72
HIP 6813  ,01 27 39.0851,+45 24 25.030,6813,4.83
HIP 6867  ,01 28 21.9417,-43 19 03.825,6867,3.41
HIP 7007  ,01 30 10.9430,+06 08 38.159,7007,4.84
HIP 7083  ,01 31 14.9815,-49 04 23.077,7083,3.93
HIP 7097  ,01 31 28.9939,+15 20 44.992,7097,3.62
HIP 7294  ,01 33 55.9260,+59 13 55.548,7294,4.68
HIP 7513  ,01 36 47.9770,+41 24 22.986,7513,4.1
HIP 7588  ,01 37 42.7517,-57 14 11.976,7588,0.45
HIP 7607  ,01 37 59.5024,+48 37 42.551,7607,3.59
HIP 7818  ,01 40 34.8042,+40 34 37.582,7818,4.96
HIP 7884  ,01 41 25.9076,+05 29 15.376,7884,4.45
HIP 7918  ,01 41 46.5157,+42 36 49.705,7918,4.96
HIP 7999  ,01 42 43.5169,-03 41 24.421,7999,4.98
HIP 8068  ,01 43 39.6153,+50 41 19.556,8068,4.01
HIP 8102  ,01 44 05.1275,-15 56 22.401,8102,3.49
HIP 8198  ,01 45 23.5887,+09 09 27.508,8198,4.26
HIP 8497  ,01 49 35.1911,-10 41 10.251,8497,4.66
HIP 8645  ,01 51 27.6106,-10 20 05.803,8645,3.74
HIP 8796  ,01 53 04.8998,+29 34 45.830,8796,3.42
HIP 8832  ,01 53 31.7652,+19 17 38.734,8832,3.88
HIP 8833  ,01 53 33.3366,+03 11 14.922,8833,4.61
HIP 8837  ,01 53 38.8197,-46 18 08.807,8837,4.39
HIP 8886  ,01 54 23.6835,+63 40 12.529,8886,3.35
HIP 8903  ,01 54 38.3491,+20 48 29.878,8903,2.64
HIP 8928  ,01 54 56.0148,-67 38 50.932,8928,4.68
HIP 9007  ,01 55 56.8325,-51 36 34.512,9007,3.69
HIP 9009  ,01 56 00.0038,+68 41 06.956,9009,4.97
HIP 9061  ,01 56 40.1587,-22 31 36.162,9061,4.92
HIP 9095  ,01 57 09.9929,-47 23 07.075,9095,4.82
HIP 9153  ,01 57 55.7754,+23 35 45.946,9153,4.79
HIP 9236  ,01 58 45.8718,-61 34 11.728,9236,2.86
HIP 9347  ,02 00 00.2248,-21 04 39.979,9347,3.99
HIP 9480  ,02 01 57.5498,+70 54 25.366,9480,4.49
HIP 9487  ,02 02 02.8006,+02 45 49.538,9487,3.82
HIP 9505  ,02 02 18.0742,+54 29 15.178,9505,4.99
HIP 9598  ,02 03 26.1903,+72 25 16.463,9598,3.95
HIP 9640  ,02 03 53.9191,+42 19 47.454,9640,2.1
HIP 9677  ,02 04 29.4301,-29 17 48.623,9677,4.68
HIP 9884  ,02 07 10.2858,+23 27 45.999,9884,2.01
HIP 9977  ,02 08 29.1458,+37 51 33.060,9977,4.78
HIP 10053 ,02 09 25.2861,+25 56 23.902,10053,4.98
HIP 10064 ,02 09 32.5209,+34 59 14.611,10064,3
HIP 10280 ,02 12 22.3239,+30 18 11.574,10280,4.94
HIP 10324 ,02 13 00.0110,+08 50 48.308,10324,4.36
HIP 10340 ,02 13 13.3408,+44 13 54.081,10340,4.84
HIP 10602 ,02 16 30.5003,-51 30 43.601,10602,3.56
HIP 10644 ,02 17 02.4176,+34 13 29.387,10644,4.84
HIP 10670 ,02 17 18.8357,+33 50 50.356,10670,4.03
HIP 11001 ,02 21 45.0230,-68 39 33.926,11001,4.08
HIP 11313 ,02 25 37.4010,+50 16 43.197,11313,4.73
HIP 11345 ,02 25 57.0123,-12 17 25.627,11345,4.88
HIP 11407 ,02 26 59.1050,-47 42 13.777,11407,4.24
HIP 11484 ,02 28 09.5179,+08 27 36.319,11484,4.3
HIP 11569 ,02 29 03.9882,+67 24 08.582,11569,4.46
HIP 11767 ,02 31 47.0753,+89 15 50.897,11767,1.97
HIP 11783 ,02 32 05.2772,-15 14 39.552,11783,4.74
HIP 11918 ,02 33 50.7124,-28 13 56.424,11918,4.96
HIP 12093 ,02 35 52.4890,+05 35 35.886,12093,4.87
HIP 12387 ,02 39 28.9483,+00 19 42.660,12387,4.08
HIP 12390 ,02 39 33.7317,-11 52 17.694,12390,4.83
HIP 12394 ,02 39 35.2237,-68 16 01.011,12394,4.12
HIP 12413 ,02 39 47.9193,-42 53 29.880,12413,4.74
HIP 12486 ,02 40 39.9317,-39 51 19.113,12486,4.11
HIP 12623 ,02 42 14.9288,+40 11 39.793,12623,4.91
HIP 12706 ,02 43 18.1246,+03 14 10.218,12706,3.47
HIP 12719 ,02 43 27.1105,+27 42 25.815,12719,4.65
HIP 12770 ,02 44 07.3545,-13 51 31.233,12770,4.24
HIP 12777 ,02 44 11.6880,+49 13 43.199,12777,4.1
HIP 12828 ,02 44 56.3734,+10 06 51.191,12828,4.27
HIP 12843 ,02 45 05.9815,-18 34 21.543,12843,4.47
HIP 12876 ,02 45 32.5326,-67 37 00.206,12876,4.83
HIP 13061 ,02 47 54.4415,+29 14 50.726,13061,4.52
HIP 13147 ,02 49 05.3595,-32 24 22.623,13147,4.45
HIP 13209 ,02 49 58.9894,+27 15 38.846,13209,3.61
HIP 13244 ,02 50 28.5368,-75 04 00.772,13244,4.76
HIP 13254 ,02 50 34.9142,+38 19 08.070,13254,4.22
HIP 13268 ,02 50 41.7928,+55 53 43.906,13268,3.77
HIP 13288 ,02 51 02.3459,-21 00 14.324,13288,4.76
HIP 13328 ,02 51 30.8309,+35 03 35.619,13328,4.56
HIP 13531 ,02 54 15.4625,+52 45 44.964,13531,3.93
HIP 13701 ,02 56 25.6038,-08 53 51.395,13701,3.89
HIP 13847 ,02 58 15.7156,-40 18 17.046,13847,2.88
HIP 13879 ,02 58 45.6505,+39 39 46.179,13879,4.68
HIP 13884 ,02 58 47.7660,-64 04 16.670,13884,4.98
HIP 13905 ,02 59 03.7098,+35 10 59.211,13905,4.94
HIP 13914 ,02 59 12.7339,+21 20 25.601,13914,4.63
HIP 13954 ,02 59 42.8963,+08 54 26.644,13954,4.71
HIP 14135 ,03 02 16.7791,+04 05 23.731,14135,2.54
HIP 14146 ,03 02 23.5931,-23 37 27.610,14146,4.08
HIP 14328 ,03 04 47.7902,+53 30 23.221,14328,2.91
HIP 14354 ,03 05 10.4970,+38 50 25.919,14354,3.32
HIP 14382 ,03 05 32.4257,+56 42 19.973,14382,4.77
HIP 14576 ,03 08 10.1297,+40 57 20.344,14576,2.09
HIP 14632 ,03 09 02.8833,+49 36 48.600,14632,4.05
HIP 14668 ,03 09 29.6291,+44 51 28.400,14668,3.79
HIP 14817 ,03 11 17.4015,+39 36 41.655,14817,4.61
HIP 14838 ,03 11 37.6697,+19 43 36.112,14838,4.35
HIP 14862 ,03 11 56.2385,+74 23 37.928,14862,4.85
HIP 14879 ,03 12 04.2800,-28 59 20.782,14879,3.8
HIP 15110 ,03 14 54.1148,+21 02 40.663,15110,4.87
HIP 15197 ,03 15 50.0268,-08 49 11.426,15197,4.8
HIP 15382 ,03 18 22.0956,-22 30 40.139,15382,4.86
HIP 15416 ,03 18 43.8239,+34 13 21.625,15416,4.85
HIP 15457 ,03 19 21.5389,+03 22 11.894,15457,4.84
HIP 15474 ,03 19 30.9697,-21 45 28.592,15474,3.7
HIP 15510 ,03 19 53.2248,-43 04 17.577,15510,4.26
HIP 15520 ,03 19 59.2568,+65 39 08.378,15520,4.74
HIP 15549 ,03 20 20.3663,+29 02 54.594,15549,4.47
HIP 15648 ,03 21 26.6071,+43 19 46.746,15648,4.96
HIP 15863 ,03 24 19.3485,+49 51 40.474,15863,1.79
HIP 15900 ,03 24 48.8376,+09 01 44.634,15900,3.61
HIP 16083 ,03 27 10.1209,+09 43 57.981,16083,3.73
HIP 16147 ,03 28 03.0501,+49 03 46.553,16147,4.99
HIP 16228 ,03 29 04.1344,+59 56 25.205,16228,4.21
HIP 16244 ,03 29 22.0303,+49 30 32.469,16244,4.67
HIP 16245 ,03 29 22.1864,-62 56 18.364,16245,4.71
HIP 16281 ,03 29 54.7460,+58 52 43.509,16281,4.55
HIP 16335 ,03 30 34.4822,+47 59 42.619,16335,4.36
HIP 16341 ,03 30 37.0499,-05 04 30.588,16341,4.74
HIP 16369 ,03 30 52.3670,+12 56 12.055,16369,4.14
HIP 16537 ,03 32 56.4216,-09 27 29.901,16537,3.72
HIP 16611 ,03 33 47.2479,-21 37 58.137,16611,4.26
HIP 16826 ,03 36 29.3601,+48 11 33.722,16826,4.32
HIP 16852 ,03 36 52.5190,+00 24 10.199,16852,4.29
HIP 16870 ,03 37 05.6781,-40 16 28.239,16870,4.57
HIP 17304 ,03 42 14.8991,-31 56 18.225,17304,4.99
HIP 17313 ,03 42 22.6435,+33 57 54.140,17313,4.97
HIP 17351 ,03 42 50.1220,-37 18 48.041,17351,4.59
HIP 17358 ,03 42 55.4821,+47 47 15.552,17358,3.01
HIP 17378 ,03 43 14.9561,-09 45 54.715,17378,3.52
HIP 17440 ,03 44 11.5549,-64 48 25.538,17440,3.84
HIP 17448 ,03 44 19.1264,+32 17 17.784,17448,3.84
HIP 17499 ,03 44 52.5235,+24 06 48.414,17499,3.72
HIP 17529 ,03 45 11.6434,+42 34 42.760,17529,3.77
HIP 17531 ,03 45 12.4821,+24 28 02.564,17531,4.3
HIP 17573 ,03 45 49.5931,+24 22 04.289,17573,3.87
HIP 17587 ,03 46 02.3326,+63 20 42.244,17587,4.78
HIP 17593 ,03 46 08.5024,-12 06 06.247,17593,4.43
HIP 17608 ,03 46 19.5603,+23 56 54.463,17608,4.14
HIP 17651 ,03 46 50.9890,-23 14 54.377,17651,4.22
HIP 17678 ,03 47 14.2315,-74 14 21.273,17678,3.26
HIP 17702 ,03 47 29.0642,+24 06 18.871,17702,2.85
HIP 17797 ,03 48 35.8229,-37 37 12.464,17797,4.3
HIP 17847 ,03 49 09.7312,+24 03 12.687,17847,3.62
HIP 17874 ,03 49 27.2809,-36 12 00.405,17874,4.17
HIP 17884 ,03 49 31.2854,+65 31 33.623,17884,4.39
HIP 17959 ,03 50 21.4758,+71 19 56.524,17959,4.59
HIP 18216 ,03 53 42.6830,-24 36 43.965,18216,4.64
HIP 18246 ,03 54 07.9185,+31 53 01.168,18246,2.84
HIP 18255 ,03 54 17.4866,-02 57 17.041,18255,4.46
HIP 18488 ,03 57 08.2927,+61 06 32.101,18488,4.99
HIP 18505 ,03 57 25.4355,+63 04 20.098,18505,4.95
HIP 18532 ,03 57 51.2211,+40 00 36.983,18532,2.9
HIP 18543 ,03 58 01.7301,-13 30 29.681,18543,2.97
HIP 18597 ,03 58 44.7375,-61 24 00.542,18597,4.56
HIP 18614 ,03 58 57.8997,+35 47 27.697,18614,3.98
HIP 18673 ,03 59 55.4761,-24 00 58.524,18673,4.62
HIP 18724 ,04 00 40.8206,+12 29 25.353,18724,3.41
HIP 18744 ,04 00 53.8050,-62 09 33.729,18744,4.48
HIP 18772 ,04 01 18.0711,-61 04 44.585,18772,4.97
HIP 18907 ,04 03 09.3768,+05 59 21.513,18907,3.91
HIP 19038 ,04 04 41.6579,+22 04 55.444,19038,4.36
HIP 19167 ,04 06 35.0553,+50 21 04.861,19167,4.25
HIP 19343 ,04 08 39.6733,+47 42 45.337,19343,3.96
HIP 19515 ,04 10 50.4330,-41 59 37.468,19515,4.93
HIP 19587 ,04 11 51.9332,-06 50 16.003,19587,4.04
HIP 19740 ,04 13 56.3909,+09 15 50.034,19740,4.84
HIP 19747 ,04 14 00.0813,-42 17 37.943,19747,3.85
HIP 19777 ,04 14 23.6932,-10 15 21.200,19777,4.87
HIP 19780 ,04 14 25.4311,-62 28 26.324,19780,3.33
HIP 19811 ,04 14 53.3102,+40 29 01.406,19811,4.67
HIP 19812 ,04 14 53.8577,+48 24 33.743,19812,4.12
HIP 19849 ,04 15 17.6382,-07 38 40.410,19849,4.43
HIP 19860 ,04 15 32.0452,+08 53 32.676,19860,4.27
HIP 19893 ,04 16 01.4914,-51 29 13.545,19893,4.26
HIP 19921 ,04 16 29.0835,-59 18 06.294,19921,4.44
HIP 19990 ,04 17 15.6862,+20 34 43.465,19990,4.93
HIP 20042 ,04 17 53.6186,-33 47 53.993,20042,3.55
HIP 20070 ,04 18 14.5755,+50 17 44.302,20070,4.6
HIP 20205 ,04 19 47.5339,+15 37 39.721,20205,3.65
HIP 20250 ,04 20 21.2348,+27 21 03.386,20250,4.97
HIP 20252 ,04 20 24.6560,+34 34 00.272,20252,4.93
HIP 20354 ,04 21 33.1487,+46 29 56.266,20354,4.8
HIP 20455 ,04 22 56.0273,+17 32 33.303,20455,3.77
HIP 20535 ,04 24 02.1654,-34 01 01.151,20535,3.97
HIP 20542 ,04 24 05.6938,+17 26 39.162,20542,4.8
HIP 20635 ,04 25 22.0988,+22 17 38.332,20635,4.21
HIP 20648 ,04 25 29.3174,+17 55 40.761,20648,4.3
HIP 20711 ,04 26 18.3948,+22 48 49.298,20711,4.28
HIP 20713 ,04 26 20.6717,+15 37 06.046,20713,4.48
HIP 20732 ,04 26 36.3768,+14 42 49.888,20732,4.69
HIP 20877 ,04 28 26.3651,+16 21 34.664,20877,4.96
HIP 20885 ,04 28 34.4323,+15 57 43.982,20885,3.84
HIP 20889 ,04 28 36.9333,+19 10 49.875,20889,3.53
HIP 20894 ,04 28 39.6749,+15 52 15.408,20894,3.4
HIP 21029 ,04 30 33.5691,+16 11 38.672,21029,4.78
HIP 21139 ,04 31 52.6695,-00 02 38.368,21139,4.91
HIP 21248 ,04 33 30.6295,-29 45 56.995,21248,4.49
HIP 21273 ,04 33 50.8552,+14 50 40.155,21273,4.65
HIP 21281 ,04 33 59.7184,-55 02 42.020,21281,3.3
HIP 21393 ,04 35 33.0717,-30 33 44.318,21393,3.81
HIP 21402 ,04 35 39.2336,+10 09 39.301,21402,4.25
HIP 21421 ,04 35 55.2005,+16 30 35.142,21421,0.87
HIP 21444 ,04 36 19.1406,-03 21 08.813,21444,3.93
HIP 21476 ,04 36 41.4336,+41 15 53.477,21476,4.25
HIP 21589 ,04 38 09.4017,+12 30 39.147,21589,4.27
HIP 21594 ,04 38 10.8709,-14 18 12.913,21594,3.86
HIP 21644 ,04 38 53.5937,-12 07 23.082,21644,4.99
HIP 21683 ,04 39 16.4519,+15 55 04.887,21683,4.67
HIP 21763 ,04 40 26.4939,-19 40 16.525,21763,4.32
HIP 21770 ,04 40 33.8231,-41 51 48.853,21770,4.44
HIP 21881 ,04 42 14.7035,+22 57 25.112,21881,4.27
HIP 22109 ,04 45 30.1410,-03 15 16.649,22109,4.01
HIP 22449 ,04 49 50.1382,+06 57 40.491,22449,3.19
HIP 22453 ,04 49 54.6665,+37 29 17.453,22453,4.89
HIP 22509 ,04 50 36.7223,+08 54 00.909,22509,4.35
HIP 22549 ,04 51 12.3660,+05 36 18.365,22549,3.68
HIP 22667 ,04 52 31.9637,+14 15 02.802,22667,4.71
HIP 22678 ,04 52 37.9992,+36 42 11.507,22678,4.79
HIP 22701 ,04 52 53.6804,-05 27 09.921,22701,4.36
HIP 22783 ,04 54 03.0106,+66 20 33.577,22783,4.26
HIP 22797 ,04 54 15.0956,+02 26 26.417,22797,3.71
HIP 22845 ,04 54 53.7041,+10 09 04.122,22845,4.64
HIP 22957 ,04 56 22.3211,+13 30 52.479,22957,4.06
HIP 23015 ,04 56 59.6162,+33 09 58.087,23015,2.69
HIP 23040 ,04 57 17.2204,+53 45 07.498,23040,4.43
HIP 23123 ,04 58 32.9029,+01 42 50.526,23123,4.47
HIP 23179 ,04 59 15.3754,+37 53 25.737,23179,4.93
HIP 23231 ,04 59 55.7131,-12 32 13.936,23231,4.78
HIP 23362 ,05 01 25.5579,-20 03 06.771,23362,4.91
HIP 23364 ,05 01 26.3449,-07 10 26.321,23364,4.8
HIP 23416 ,05 01 58.1340,+43 49 23.930,23416,3.03
HIP 23453 ,05 02 28.6801,+41 04 33.202,23453,3.69
HIP 23497 ,05 03 05.7041,+21 35 24.222,23497,4.62
HIP 23522 ,05 03 25.0973,+60 26 32.213,23522,4.03
HIP 23595 ,05 04 24.3118,-35 28 58.334,23595,4.55
HIP 23607 ,05 04 34.1384,+15 24 15.050,23607,4.65
HIP 23685 ,05 05 27.6521,-22 22 15.084,23685,3.19
HIP 23693 ,05 05 30.6904,-57 28 22.761,23693,4.71
HIP 23767 ,05 06 30.8690,+41 14 04.707,23767,3.18
HIP 23783 ,05 06 40.6583,+51 35 53.315,23783,4.98
HIP 23835 ,05 07 26.6761,+18 38 42.026,23835,4.91
HIP 23875 ,05 07 51.0340,-05 05 10.546,23875,2.78
HIP 23972 ,05 09 08.7830,-08 45 14.674,23972,4.25
HIP 24010 ,05 09 41.9594,+15 35 50.178,24010,4.81
HIP 24244 ,05 12 17.8874,-11 52 08.914,24244,4.45
HIP 24305 ,05 12 55.8731,-16 12 19.544,24305,3.29
HIP 24327 ,05 13 13.8850,-12 56 28.638,24327,4.36
HIP 24331 ,05 13 17.4796,+02 51 40.512,24331,4.46
HIP 24340 ,05 13 25.7316,+38 29 04.826,24340,4.82
HIP 24372 ,05 13 45.4269,-67 11 07.259,24372,4.81
HIP 24436 ,05 14 32.2712,-08 12 05.901,24436,0.18
HIP 24608 ,05 16 41.2956,+45 59 56.505,24608,0.08
HIP 24659 ,05 17 29.0234,-34 53 39.803,24659,4.81
HIP 24674 ,05 17 36.3989,-06 50 39.790,24674,3.59
HIP 24727 ,05 18 10.5481,+33 22 19.215,24727,4.54
HIP 24813 ,05 19 08.0784,+40 06 02.402,24813,4.69
HIP 24822 ,05 19 16.5898,+22 05 48.088,24822,4.96
HIP 24845 ,05 19 34.5260,-13 10 36.397,24845,4.29
HIP 24927 ,05 20 26.9117,-21 14 23.062,24927,4.7
HIP 25044 ,05 21 45.7477,-00 22 56.889,25044,4.72
HIP 25142 ,05 22 50.0013,+03 32 40.013,25142,4.99
HIP 25247 ,05 23 56.8364,-07 48 28.640,25247,4.13
HIP 25281 ,05 24 28.6171,-02 23 49.698,25281,3.35
HIP 25302 ,05 24 44.8265,+01 50 47.206,25302,4.89
HIP 25336 ,05 25 07.8682,+06 20 59.044,25336,1.64
HIP 25428 ,05 26 17.4979,+28 36 28.344,25428,1.65
HIP 25473 ,05 26 50.2282,+03 05 44.438,25473,4.59
HIP 25539 ,05 27 38.0840,+21 56 13.136,25539,4.88
HIP 25606 ,05 28 14.7263,-20 45 33.236,25606,2.81
HIP 25737 ,05 29 43.9816,-01 05 31.832,25737,4.71
HIP 25813 ,05 30 47.0479,+05 56 53.585,25813,4.2
HIP 25859 ,05 31 12.7355,-35 28 13.569,25859,3.86
HIP 25923 ,05 31 55.8603,-07 18 05.495,25923,4.62
HIP 25930 ,05 32 00.3997,-00 17 56.736,25930,2.25
HIP 25945 ,05 32 12.7512,+18 35 39.283,25945,4.32
HIP 25984 ,05 32 43.6742,+32 11 31.313,25984,4.71
HIP 25985 ,05 32 43.8139,-17 49 20.252,25985,2.58
HIP 26069 ,05 33 37.5164,-62 29 23.481,26069,3.76
HIP 26176 ,05 34 49.2378,+09 29 22.507,26176,4.39
HIP 26199 ,05 35 02.6812,-06 00 07.303,26199,4.78
HIP 26207 ,05 35 08.2777,+09 56 02.987,26207,3.39
HIP 26220 ,05 35 15.8230,-05 23 14.335,26220,4.98
HIP 26235 ,05 35 22.8998,-05 24 57.828,26235,4.98
HIP 26237 ,05 35 23.1617,-04 50 18.026,26237,4.58
HIP 26241 ,05 35 25.9811,-05 54 35.639,26241,2.75
HIP 26311 ,05 36 12.8126,-01 12 06.902,26311,1.69
HIP 26366 ,05 36 54.3307,+09 17 29.083,26366,4.09
HIP 26451 ,05 37 38.6843,+21 08 33.335,26451,2.97
HIP 26549 ,05 38 44.7653,-02 36 00.244,26549,3.77
HIP 26563 ,05 38 53.0918,-07 12 45.750,26563,4.77
HIP 26594 ,05 39 11.1459,+04 07 17.280,26594,4.5
HIP 26634 ,05 39 38.9399,-34 04 26.578,26634,2.65
HIP 26727 ,05 40 45.5248,-01 56 33.282,26727,1.74
HIP 26736 ,05 40 50.7158,-01 07 43.628,26736,4.95
HIP 26777 ,05 41 17.7154,+16 32 03.059,26777,4.84
HIP 26885 ,05 42 28.6644,+01 28 28.794,26885,4.9
HIP 27072 ,05 44 27.9750,-22 26 50.952,27072,3.59
HIP 27100 ,05 44 46.4191,-65 44 07.947,27100,4.34
HIP 27288 ,05 46 57.3497,-14 49 19.010,27288,3.55
HIP 27321 ,05 47 17.0833,-51 04 00.168,27321,3.85
HIP 27366 ,05 47 45.3879,-09 40 10.567,27366,2.07
HIP 27468 ,05 49 00.9595,+24 34 03.197,27468,4.88
HIP 27483 ,05 49 10.4595,+39 10 52.080,27483,4.51
HIP 27511 ,05 49 32.9435,+12 39 04.917,27511,4.89
HIP 27530 ,05 49 49.5768,-56 09 59.359,27530,4.5
HIP 27628 ,05 50 57.5528,-35 46 09.452,27628,3.12
HIP 27639 ,05 51 02.4103,+37 18 20.454,27639,4.72
HIP 27654 ,05 51 19.1528,-20 52 39.050,27654,3.76
HIP 27673 ,05 51 29.3926,+39 08 54.526,27673,3.97
HIP 27750 ,05 52 26.4428,+01 51 18.568,27750,4.76
HIP 27810 ,05 53 06.8844,-33 48 05.182,27810,4.88
HIP 27830 ,05 53 19.6436,+27 36 44.227,27830,4.56
HIP 27890 ,05 54 05.9001,-63 05 27.675,27890,4.65
HIP 27913 ,05 54 23.0839,+20 16 35.094,27913,4.39
HIP 27949 ,05 54 50.7859,+55 42 24.858,27949,4.96
HIP 27989 ,05 55 10.2892,+07 24 25.331,27989,0.45
HIP 28010 ,05 55 29.8904,-37 07 14.194,28010,4.97
HIP 28103 ,05 56 24.3183,-14 10 04.937,28103,3.71
HIP 28199 ,05 57 32.2119,-35 16 59.905,28199,4.36
HIP 28237 ,05 57 59.6577,+25 57 14.097,28237,4.81
HIP 28328 ,05 59 08.7905,-42 48 54.387,28328,3.96
HIP 28358 ,05 59 31.5503,+54 17 05.935,28358,3.72
HIP 28360 ,05 59 31.7694,+44 56 50.766,28360,1.9
HIP 28380 ,05 59 43.2382,+37 12 45.951,28380,2.65
HIP 28404 ,05 59 56.1014,+45 56 12.312,28404,4.3
HIP 28413 ,06 00 03.3454,-03 04 26.677,28413,4.53
HIP 28574 ,06 01 50.4258,-10 35 52.581,28574,4.92
HIP 28614 ,06 02 22.9904,+09 38 50.523,28614,4.12
HIP 28716 ,06 03 55.1836,+20 08 18.451,28716,4.64
HIP 28734 ,06 04 07.2165,+23 15 49.075,28734,4.16
HIP 28816 ,06 04 59.1326,-16 29 03.938,28816,4.92
HIP 28910 ,06 06 09.3340,-14 56 07.031,28910,4.67
HIP 29038 ,06 07 34.3219,+14 46 06.683,29038,4.42
HIP 29276 ,06 10 17.9131,-54 58 07.178,29276,4.72
HIP 29426 ,06 11 56.3968,+14 12 31.731,29426,4.45
HIP 29434 ,06 12 03.2761,+16 07 49.609,29434,4.95
HIP 29651 ,06 14 51.3365,-06 16 29.019,29651,3.99
HIP 29655 ,06 14 52.6967,+22 30 24.566,29655,3.31
HIP 29696 ,06 15 22.7366,+29 29 55.364,29696,4.32
HIP 29807 ,06 16 33.1354,-35 08 26.634,29807,4.37
HIP 29997 ,06 18 50.7798,+69 19 12.123,29997,4.76
HIP 30060 ,06 19 37.3908,+59 00 39.259,30060,4.44
HIP 30093 ,06 19 59.6044,-02 56 40.165,30093,4.91
HIP 30122 ,06 20 18.7872,-30 03 48.156,30122,3.02
HIP 30277 ,06 22 06.8452,-33 26 10.581,30277,3.85
HIP 30324 ,06 22 41.9874,-17 57 21.300,30324,1.98
HIP 30343 ,06 22 57.5911,+22 30 49.861,30343,2.87
HIP 30419 ,06 23 46.0977,+04 35 34.220,30419,4.39
HIP 30438 ,06 23 57.0906,-52 41 44.585,30438,-0.62
HIP 30520 ,06 24 53.9020,+49 17 16.437,30520,4.92
HIP 30788 ,06 28 10.2175,-32 34 48.466,30788,4.47
HIP 30867 ,06 28 49.0741,-07 01 58.982,30867,3.76
HIP 30883 ,06 28 57.7905,+20 12 43.802,30883,4.13
HIP 31125 ,06 31 51.3682,-23 25 06.374,31125,4.34
HIP 31216 ,06 32 54.2296,+07 19 58.725,31216,4.47
HIP 31407 ,06 34 58.5874,-52 58 32.284,31407,4.35
HIP 31416 ,06 35 03.3799,-22 57 53.399,31416,4.54
HIP 31592 ,06 36 40.9989,-19 15 20.553,31592,3.95
HIP 31681 ,06 37 42.7023,+16 23 57.893,31681,1.93
HIP 31685 ,06 37 45.6717,-43 11 45.326,31685,3.17
HIP 31700 ,06 37 53.4259,-18 14 14.846,31700,4.42
HIP 31827 ,06 39 16.7164,-14 08 44.688,31827,4.82
HIP 31832 ,06 39 19.8270,+42 29 20.444,31832,4.8
HIP 31978 ,06 40 58.6610,+09 53 44.737,31978,4.66
HIP 32246 ,06 43 55.9298,+25 07 52.159,32246,3.06
HIP 32249 ,06 43 59.2941,+13 13 41.315,32249,4.49
HIP 32349 ,06 45 09.2499,-16 42 47.315,32349,-1.44
HIP 32362 ,06 45 17.4336,+12 53 45.798,32362,3.35
HIP 32438 ,06 46 14.1527,+59 26 30.088,32438,4.86
HIP 32533 ,06 47 19.8443,+08 02 14.218,32533,4.77
HIP 32578 ,06 47 51.6568,+02 24 43.881,32578,4.48
HIP 32607 ,06 48 11.5371,-61 56 31.128,32607,3.24
HIP 32759 ,06 49 50.4655,-32 30 30.555,32759,3.5
HIP 32761 ,06 49 51.3161,-53 37 20.972,32761,4.41
HIP 32768 ,06 49 56.1368,-50 36 51.839,32768,2.94
HIP 32844 ,06 50 45.9632,+41 46 53.636,32844,4.99
HIP 32855 ,06 50 52.3493,-34 22 02.354,32855,4.99
HIP 33018 ,06 52 47.3401,+33 57 40.931,33018,3.6
HIP 33092 ,06 53 32.9106,-20 13 27.349,33092,4.82
HIP 33152 ,06 54 07.9548,-24 11 03.203,33152,3.89
HIP 33160 ,06 54 11.4807,-12 02 18.934,33160,4.08
HIP 33202 ,06 54 38.5939,+13 10 40.859,33202,4.73
HIP 33302 ,06 55 37.3990,-20 08 11.737,33302,4.66
HIP 33347 ,06 56 08.2263,-17 03 15.288,33347,4.36
HIP 33357 ,06 56 15.9891,-48 43 16.192,33357,4.94
HIP 33449 ,06 57 16.5985,+58 25 23.015,33449,4.35
HIP 33485 ,06 57 37.1250,+45 05 38.767,33485,4.9
HIP 33579 ,06 58 37.5467,-28 58 19.522,33579,1.5
HIP 33694 ,07 00 03.8480,+76 58 38.789,33694,4.55
HIP 33856 ,07 01 43.1517,-27 56 05.430,33856,3.49
HIP 33971 ,07 02 54.7795,-04 14 21.257,33971,4.99
HIP 33977 ,07 03 01.4736,-23 49 59.885,33977,3.02
HIP 34045 ,07 03 45.4932,-15 37 59.732,34045,4.11
HIP 34059 ,07 03 53.6560,-49 35 03.327,34059,4.92
HIP 34088 ,07 04 06.5354,+20 34 13.078,34088,4.01
HIP 34444 ,07 08 23.4860,-26 23 35.548,34444,1.83
HIP 34481 ,07 08 44.8245,-70 29 57.100,34481,3.78
HIP 34495 ,07 08 51.0764,-39 39 20.425,34495,4.83
HIP 34622 ,07 10 13.6819,-04 14 15.488,34622,4.91
HIP 34693 ,07 11 08.3916,+30 14 43.010,34693,4.41
HIP 34752 ,07 11 39.2924,+39 19 13.957,34752,4.91
HIP 34769 ,07 11 51.8604,-00 29 34.010,34769,4.15
HIP 34834 ,07 12 33.7409,-46 45 34.432,34834,4.49
HIP 34899 ,07 13 13.3711,-45 10 57.089,34899,4.87
HIP 34922 ,07 13 32.2309,-44 38 25.906,34922,4.42
HIP 34981 ,07 14 15.2164,-26 21 09.058,34981,4.42
HIP 35020 ,07 14 38.1445,-48 16 18.942,35020,4.75
HIP 35037 ,07 14 48.6616,-26 46 21.670,35037,4.01
HIP 35205 ,07 16 35.0014,-27 52 52.583,35205,4.66
HIP 35210 ,07 16 36.8369,-23 18 56.166,35210,4.83
HIP 35228 ,07 16 49.8308,-67 57 25.821,35228,3.97
HIP 35264 ,07 17 08.5642,-37 05 50.953,35264,2.71
HIP 35350 ,07 18 05.6068,+16 32 25.711,35350,3.58
HIP 35363 ,07 18 18.4009,-36 44 02.280,35363,4.65
HIP 35412 ,07 18 40.3808,-24 33 31.347,35412,4.88
HIP 35415 ,07 18 42.4879,-24 57 15.784,35415,4.37
HIP 35550 ,07 20 07.3893,+21 58 56.422,35550,3.5
HIP 35727 ,07 22 13.5300,-19 00 59.704,35727,4.94
HIP 35904 ,07 24 05.7050,-29 18 11.231,35904,2.45
HIP 36041 ,07 25 38.8987,+09 16 34.026,36041,4.99
HIP 36046 ,07 25 43.6761,+27 47 53.828,36046,3.78
HIP 36145 ,07 26 42.8609,+49 12 41.922,36145,4.61
HIP 36188 ,07 27 09.0723,+08 17 21.872,36188,2.89
HIP 36284 ,07 28 09.8295,+08 55 31.814,36284,4.33
HIP 36366 ,07 29 06.6097,+31 47 02.686,36366,4.16
HIP 36377 ,07 29 13.8783,-43 18 06.809,36377,3.25
HIP 36425 ,07 29 47.7821,+12 00 23.800,36425,4.55
HIP 36431 ,07 29 51.4141,-23 01 27.477,36431,4.85
HIP 36514 ,07 30 42.6101,-30 57 44.219,36514,4.65
HIP 36547 ,07 31 04.4802,+82 24 41.647,36547,4.92
HIP 36773 ,07 33 47.9679,-14 31 26.044,36773,4.82
HIP 36795 ,07 34 03.2060,-22 17 46.251,36795,4.44
HIP 36850 ,07 34 36.0046,+31 53 19.091,36850,1.58
HIP 36917 ,07 35 22.9372,-28 22 09.401,36917,4.65
HIP 36942 ,07 35 39.7002,-52 32 01.709,36942,4.93
HIP 36962 ,07 35 55.3723,+26 53 45.612,36962,4.06
HIP 37096 ,07 37 22.1200,-34 58 06.854,37096,4.53
HIP 37173 ,07 38 18.0474,-25 21 53.237,37173,4.69
HIP 37229 ,07 38 49.8813,-26 48 14.013,37229,3.8
HIP 37265 ,07 39 09.9564,+34 35 04.678,37265,4.89
HIP 37279 ,07 39 18.5381,+05 13 39.028,37279,0.4
HIP 37297 ,07 39 27.3540,-38 18 29.017,37297,4.84
HIP 37379 ,07 40 23.2120,-15 15 49.867,37379,4.98
HIP 37447 ,07 41 14.8767,-09 33 03.899,37447,3.94
HIP 37504 ,07 41 49.1960,-72 36 22.087,37504,3.93
HIP 37609 ,07 43 00.4577,+58 42 37.753,37609,4.93
HIP 37629 ,07 43 18.6853,+28 53 02.658,37629,4.23
HIP 37648 ,07 43 32.3956,-28 24 39.446,37648,4.63
HIP 37677 ,07 43 48.4721,-28 57 17.407,37677,3.94
HIP 37740 ,07 44 26.8686,+24 23 53.265,37740,3.57
HIP 37819 ,07 45 15.3039,-37 58 06.955,37819,3.62
HIP 37826 ,07 45 19.3638,+28 01 34.717,37826,1.16
HIP 37908 ,07 46 07.4937,+18 30 36.608,37908,4.89
HIP 38070 ,07 48 05.1749,-25 56 13.850,38070,4.4
HIP 38089 ,07 48 20.2477,-47 04 39.115,38089,4.69
HIP 38164 ,07 49 14.2990,-46 22 23.618,38164,4.1
HIP 38170 ,07 49 17.6587,-24 51 35.222,38170,3.34
HIP 38414 ,07 52 13.0455,-40 34 32.876,38414,3.71
HIP 38455 ,07 52 38.6533,-38 51 46.159,38455,4.49
HIP 38500 ,07 53 03.6424,-49 36 47.086,38500,4.63
HIP 38518 ,07 53 18.1629,-48 06 10.614,38518,4.22
HIP 38538 ,07 53 29.8365,+26 45 57.091,38538,4.97
HIP 38827 ,07 56 46.7417,-52 58 56.642,38827,3.46
HIP 38835 ,07 56 51.5583,-22 52 48.535,38835,4.2
HIP 38901 ,07 57 40.1118,-30 20 04.513,38901,4.76
HIP 38957 ,07 58 14.4439,-49 14 41.743,38957,4.47
HIP 39079 ,07 59 44.1847,-03 40 46.482,39079,4.93
HIP 39095 ,07 59 52.0552,-18 23 56.913,39095,4.61
HIP 39138 ,08 00 19.9692,-63 34 03.010,39138,4.81
HIP 39211 ,08 01 13.2964,-01 23 32.727,39211,4.69
HIP 39311 ,08 02 15.9533,+02 20 03.531,39311,4.39
HIP 39424 ,08 03 31.0992,+27 47 39.905,39424,4.94
HIP 39429 ,08 03 35.0701,-40 00 11.478,39429,2.21
HIP 39757 ,08 07 32.7022,-24 18 15.972,39757,2.83
HIP 39794 ,08 07 55.8408,-68 37 01.691,39794,4.35
HIP 39847 ,08 08 27.5035,+51 30 24.033,39847,4.78
HIP 39863 ,08 08 35.6577,-02 59 01.595,39863,4.36
HIP 39903 ,08 09 00.8584,-61 18 06.141,39903,4.74
HIP 39906 ,08 09 01.6434,-19 14 42.003,39906,4.4
HIP 39953 ,08 09 31.9553,-47 20 11.802,39953,1.75
HIP 40084 ,08 11 16.3213,-12 55 37.266,40084,4.72
HIP 40091 ,08 11 21.5002,-39 37 06.791,40091,4.44
HIP 40096 ,08 11 25.8968,-42 59 14.240,40096,4.73
HIP 40167 ,08 12 12.7088,+17 38 53.295,40167,4.67
HIP 40259 ,08 13 19.9750,-15 47 17.572,40259,4.99
HIP 40274 ,08 13 29.5224,-35 53 58.352,40274,4.78
HIP 40326 ,08 14 02.8871,-40 20 51.829,40326,4.42
HIP 40526 ,08 16 30.9482,+09 11 08.387,40526,3.53
HIP 40702 ,08 18 31.2668,-76 55 11.937,40702,4.05
HIP 40706 ,08 18 33.3932,-36 39 34.318,40706,4.44
HIP 40888 ,08 20 38.8879,-77 29 04.475,40888,4.34
HIP 40945 ,08 21 23.0343,-33 03 15.739,40945,4.83
HIP 41037 ,08 22 30.8647,-59 30 34.338,41037,1.86
HIP 41039 ,08 22 31.6987,-48 29 25.431,41039,4.79
HIP 41075 ,08 22 50.1301,+43 11 18.140,41075,4.25
HIP 41307 ,08 25 39.6709,-03 54 22.913,41307,3.91
HIP 41312 ,08 25 44.2462,-66 08 11.474,41312,3.77
HIP 41704 ,08 30 16.0302,+60 43 06.352,41704,3.35
HIP 42134 ,08 35 19.6482,-58 00 33.461,42134,4.84
HIP 42312 ,08 37 38.6414,-42 59 20.773,42312,4.11
HIP 42313 ,08 37 39.4074,+05 42 13.675,42313,4.14
HIP 42402 ,08 38 45.4488,+03 20 29.309,42402,4.45
HIP 42483 ,08 39 42.4907,-29 33 39.103,42483,4.86
HIP 42509 ,08 40 01.5194,-12 28 31.348,42509,4.98
HIP 42515 ,08 40 06.1365,-35 18 29.883,42515,3.97
HIP 42527 ,08 40 12.8986,+64 19 40.338,42527,4.59
HIP 42536 ,08 40 17.6092,-52 55 19.101,42536,3.6
HIP 42568 ,08 40 37.0352,-59 45 39.653,42568,4.31
HIP 42570 ,08 40 37.5753,-46 38 55.518,42570,3.77
HIP 42624 ,08 41 13.1401,-47 19 01.709,42624,4.74
HIP 42662 ,08 41 43.3340,-15 56 35.335,42662,4.87
HIP 42726 ,08 42 25.4104,-53 06 50.546,42726,4.83
HIP 42799 ,08 43 13.4864,+03 23 55.195,42799,4.3
HIP 42806 ,08 43 17.2131,+21 28 06.946,42806,4.66
HIP 42828 ,08 43 35.5475,-33 11 11.081,42828,3.68
HIP 42835 ,08 43 40.3803,-07 14 01.420,42835,4.63
HIP 42884 ,08 44 23.9660,-42 38 57.564,42884,4.05
HIP 42911 ,08 44 41.1101,+18 09 17.510,42911,3.94
HIP 42913 ,08 44 42.1973,-54 42 30.845,42913,1.93
HIP 43023 ,08 46 01.6547,-46 02 29.541,43023,3.87
HIP 43067 ,08 46 22.5275,-13 32 51.738,43067,4.32
HIP 43103 ,08 46 41.8343,+28 45 36.018,43103,4.03
HIP 43105 ,08 46 42.5592,-56 46 11.270,43105,4.5
HIP 43109 ,08 46 46.6462,+06 25 08.065,43109,3.38
HIP 43234 ,08 48 25.9808,+05 50 16.385,43234,4.35
HIP 43347 ,08 49 47.6483,-45 18 28.475,43347,4.94
HIP 43409 ,08 50 32.0113,-27 42 36.211,43409,4.02
HIP 43783 ,08 55 02.8617,-60 38 40.963,43783,3.84
HIP 43813 ,08 55 23.6848,+05 56 43.900,43813,3.11
HIP 43825 ,08 55 31.5156,-27 40 53.853,43825,4.87
HIP 43878 ,08 56 19.2780,-52 43 24.639,43878,4.68
HIP 43937 ,08 56 58.4271,-59 13 45.692,43937,4.93
HIP 44066 ,08 58 29.1970,+11 51 27.979,44066,4.26
HIP 44127 ,08 59 12.8387,+48 02 32.458,44127,3.12
HIP 44191 ,09 00 05.4401,-41 15 13.456,44191,4.45
HIP 44248 ,09 00 38.7522,+41 47 00.398,44248,3.96
HIP 44382 ,09 02 26.7988,-66 23 45.037,44382,4
HIP 44390 ,09 02 32.7259,+67 37 46.469,44390,4.74
HIP 44471 ,09 03 37.5588,+47 09 23.974,44471,3.57
HIP 44511 ,09 04 09.3205,-47 05 51.770,44511,3.75
HIP 44599 ,09 05 08.8303,-72 36 09.698,44599,4.47
HIP 44626 ,09 05 38.3821,-70 32 18.675,44626,4.66
HIP 44659 ,09 05 58.3778,+05 05 32.433,44659,4.99
HIP 44700 ,09 06 31.7881,+38 27 08.101,44700,4.56
HIP 44816 ,09 07 59.7771,-43 25 57.447,44816,2.23
HIP 44824 ,09 08 02.8572,-25 51 30.733,44824,4.62
HIP 44901 ,09 08 52.3857,+51 36 17.018,44901,4.46
HIP 45038 ,09 10 23.5262,+67 08 03.260,45038,4.8
HIP 45075 ,09 10 54.9312,+63 30 49.611,45075,4.67
HIP 45080 ,09 10 58.1053,-58 58 00.949,45080,3.43
HIP 45085 ,09 11 04.4026,-44 52 04.484,45085,4.99
HIP 45101 ,09 11 16.7679,-62 19 01.257,45101,3.96
HIP 45238 ,09 13 12.2408,-69 43 02.901,45238,1.67
HIP 45336 ,09 14 21.7933,+02 18 54.087,45336,3.89
HIP 45439 ,09 15 36.7617,-38 34 11.704,45439,4.92
HIP 45448 ,09 15 45.0695,-37 24 47.255,45448,4.63
HIP 45493 ,09 16 11.2788,+54 01 18.163,45493,4.8
HIP 45496 ,09 16 12.1024,-57 32 29.176,45496,4.34
HIP 45556 ,09 17 05.4284,-59 16 30.940,45556,2.21
HIP 45688 ,09 18 50.6673,+36 48 10.431,45688,3.82
HIP 45751 ,09 19 46.3988,-11 58 29.576,45751,4.77
HIP 45811 ,09 20 29.0260,-09 33 20.266,45811,4.8
HIP 45856 ,09 20 56.8303,-62 24 16.679,45856,4.79
HIP 45860 ,09 21 03.4588,+34 23 33.093,45860,3.14
HIP 45902 ,09 21 29.5988,-25 57 55.499,45902,4.71
HIP 45941 ,09 22 06.8292,-55 00 38.503,45941,2.47
HIP 46026 ,09 23 12.3363,-28 50 02.123,46026,4.71
HIP 46146 ,09 24 39.2793,+26 10 56.787,46146,4.47
HIP 46371 ,09 27 18.2974,-22 20 36.303,46371,4.72
HIP 46390 ,09 27 35.2518,-08 39 31.260,46390,1.99
HIP 46509 ,09 29 08.8388,-02 46 08.243,46509,4.59
HIP 46515 ,09 29 14.7375,-35 57 04.852,46515,4.51
HIP 46651 ,09 30 42.1130,-40 28 00.795,46651,3.6
HIP 46701 ,09 31 13.3538,-57 02 03.810,46701,3.16
HIP 46733 ,09 31 31.5697,+63 03 42.464,46733,3.65
HIP 46750 ,09 31 43.2404,+22 58 05.036,46750,4.32
HIP 46771 ,09 31 56.7923,+11 18 00.111,46771,4.99
HIP 46776 ,09 31 58.9348,-01 11 04.756,46776,4.54
HIP 46853 ,09 32 52.3253,+51 40 42.967,46853,3.17
HIP 46952 ,09 34 13.3770,+36 23 51.408,46952,4.54
HIP 46974 ,09 34 26.6630,-59 13 47.165,46974,4.08
HIP 46977 ,09 34 28.9679,+69 49 48.555,46977,4.54
HIP 47006 ,09 34 49.4949,+52 03 05.643,47006,4.47
HIP 47029 ,09 35 03.8525,+39 37 17.195,47029,4.81
HIP 47175 ,09 36 49.6570,-49 21 18.463,47175,4.34
HIP 47193 ,09 37 05.3519,+81 19 35.115,47193,4.28
HIP 47310 ,09 38 27.3851,+04 38 57.891,47310,4.68
HIP 47391 ,09 39 21.0409,-61 19 41.179,47391,4.51
HIP 47431 ,09 39 51.3340,-01 08 33.566,47431,3.9
HIP 47508 ,09 41 09.1179,+09 53 32.636,47508,3.52
HIP 47522 ,09 41 17.0260,-23 35 29.477,47522,4.76
HIP 47592 ,09 42 14.6715,-23 54 58.351,47592,4.93
HIP 47758 ,09 44 12.1302,-27 46 10.426,47758,4.78
HIP 47854 ,09 45 14.8276,-62 30 28.524,47854,3.69
HIP 47908 ,09 45 51.1024,+23 46 27.401,47908,2.97
HIP 48002 ,09 47 06.1376,-65 04 19.268,48002,2.92
HIP 48319 ,09 50 59.6917,+59 02 20.776,48319,3.78
HIP 48356 ,09 51 28.6825,-14 50 47.580,48356,4.11
HIP 48374 ,09 51 40.6884,-46 32 51.519,48374,4.58
HIP 48402 ,09 52 06.3602,+54 03 51.429,48402,4.55
HIP 48455 ,09 52 45.9577,+26 00 25.506,48455,3.88
HIP 48559 ,09 54 12.4385,-25 55 56.935,48559,4.87
HIP 48615 ,09 54 52.2371,-19 00 33.371,48615,4.94
HIP 48774 ,09 56 51.7548,-54 34 04.070,48774,3.52
HIP 49029 ,10 00 12.8243,+08 02 39.397,49029,4.68
HIP 49402 ,10 05 07.4925,-13 03 52.828,49402,4.6
HIP 49583 ,10 07 19.9535,+16 45 45.597,49583,3.48
HIP 49593 ,10 07 25.7251,+35 14 40.890,49593,4.49
HIP 49637 ,10 07 54.3188,+09 59 51.590,49637,4.39
HIP 49641 ,10 07 56.2956,-00 22 17.860,49641,4.48
HIP 49669 ,10 08 22.4594,+11 58 01.902,49669,1.36
HIP 49712 ,10 08 56.2537,-51 48 40.543,49712,4.85
HIP 49841 ,10 10 35.3971,-12 21 13.821,49841,3.61
HIP 50099 ,10 13 44.2789,-70 02 16.518,50099,3.29
HIP 50191 ,10 14 44.2738,-42 07 19.426,50191,3.85
HIP 50335 ,10 16 41.4043,+23 25 02.382,50335,3.43
HIP 50371 ,10 17 05.0053,-61 19 56.351,50371,3.39
HIP 50372 ,10 17 05.9270,+42 54 52.087,50372,3.45
HIP 50555 ,10 19 36.7652,-55 01 45.532,50555,4.59
HIP 50564 ,10 19 44.3102,+19 28 17.169,50564,4.78
HIP 50583 ,10 19 58.1617,+19 50 30.697,50583,2.01
HIP 50676 ,10 20 54.8150,-56 02 35.606,50676,4.5
HIP 50799 ,10 22 19.6060,-41 39 00.388,50799,4.82
HIP 50801 ,10 22 19.8033,+41 29 57.961,50801,3.06
HIP 50847 ,10 22 58.1793,-66 54 05.491,50847,4.97
HIP 50933 ,10 24 07.8588,+65 33 59.305,50933,4.94
HIP 50954 ,10 24 23.7405,-74 01 53.561,50954,3.99
HIP 51056 ,10 25 54.8671,+33 47 46.549,51056,4.72
HIP 51069 ,10 26 05.5050,-16 50 09.945,51069,3.83
HIP 51172 ,10 27 09.1559,-31 04 04.088,51172,4.28
HIP 51192 ,10 27 24.4783,-57 38 19.729,51192,4.65
HIP 51232 ,10 27 52.7451,-58 44 21.871,51232,3.81
HIP 51233 ,10 27 53.0925,+36 42 26.921,51233,4.2
HIP 51438 ,10 30 20.0751,-71 59 33.792,51438,4.72
HIP 51459 ,10 30 37.7643,+55 58 50.223,51459,4.82
HIP 51495 ,10 31 02.0746,-73 13 17.432,51495,4.94
HIP 51523 ,10 31 22.2348,-53 42 57.574,51523,4.89
HIP 51576 ,10 32 01.4838,-61 41 07.297,51576,3.3
HIP 51624 ,10 32 48.6751,+09 18 23.740,51624,3.84
HIP 51658 ,10 33 13.9972,+40 25 31.946,51658,4.72
HIP 51808 ,10 35 05.5884,+75 42 46.743,51808,4.86
HIP 51839 ,10 35 28.2184,-78 36 28.130,51839,4.11
HIP 51849 ,10 35 35.3146,-57 33 27.488,51849,4.45
HIP 51979 ,10 37 13.7988,-27 24 45.672,51979,4.87
HIP 51986 ,10 37 18.2568,-48 13 32.219,51986,3.84
HIP 52009 ,10 37 33.2475,-13 23 04.023,52009,4.89
HIP 52085 ,10 38 35.0131,-16 52 35.893,52085,4.91
HIP 52098 ,10 38 43.2126,+31 58 34.392,52098,4.68
HIP 52102 ,10 38 45.0125,-59 10 58.797,52102,4.69
HIP 52154 ,10 39 18.4125,-55 36 11.805,52154,4.29
HIP 52370 ,10 42 14.1440,-64 27 59.234,52370,4.76
HIP 52419 ,10 42 57.4267,-64 23 40.126,52419,2.74
HIP 52468 ,10 43 32.3077,-60 33 59.857,52468,4.58
HIP 52502 ,10 44 06.9371,-63 57 39.963,52502,4.8
HIP 52633 ,10 45 47.1358,-80 32 24.730,52633,4.45
HIP 52727 ,10 46 46.1221,-49 25 12.451,52727,2.69
HIP 52736 ,10 46 51.2442,-64 23 00.589,52736,4.87
HIP 52943 ,10 49 37.4321,-16 11 38.875,52943,3.11
HIP 53229 ,10 53 18.6399,+34 12 56.039,53229,3.79
HIP 53253 ,10 53 29.5662,-58 51 11.753,53253,3.78
HIP 53295 ,10 53 58.7060,+43 11 24.055,53295,4.66
HIP 53417 ,10 55 36.8480,+24 44 59.116,53417,4.3
HIP 53502 ,10 56 42.9963,-37 08 14.866,53502,4.6
HIP 53740 ,10 59 46.7488,-18 17 56.750,53740,4.08
HIP 53773 ,11 00 09.2458,-42 13 33.131,53773,4.37
HIP 53807 ,11 00 33.6395,+03 37 03.121,53807,4.84
HIP 53824 ,11 00 44.8323,+06 06 05.412,53824,4.98
HIP 53907 ,11 01 49.6689,-02 29 04.189,53907,4.73
HIP 53910 ,11 01 50.3908,+56 22 56.441,53910,2.34
HIP 53954 ,11 02 19.7812,+20 10 47.085,53954,4.42
HIP 54061 ,11 03 43.8369,+61 45 04.028,54061,1.81
HIP 54182 ,11 05 01.2299,+07 20 10.041,54182,4.62
HIP 54204 ,11 05 20.0326,-27 17 36.944,54204,4.92
HIP 54301 ,11 06 32.4743,-62 25 26.892,54301,4.62
HIP 54463 ,11 08 35.3956,-58 58 30.151,54463,3.93
HIP 54539 ,11 09 39.8594,+44 29 54.792,54539,3
HIP 54682 ,11 11 39.4863,-22 49 32.183,54682,4.46
HIP 54751 ,11 12 36.0203,-60 19 03.471,54751,4.59
HIP 54872 ,11 14 06.4121,+20 31 26.522,54872,2.56
HIP 54879 ,11 14 14.4409,+15 25 47.147,54879,3.33
HIP 54951 ,11 15 12.2431,+23 05 43.891,54951,4.56
HIP 55084 ,11 16 39.7641,-03 39 05.451,55084,4.45
HIP 55203 ,11 18 11.2400,+31 31 50.800,55203,3.79
HIP 55219 ,11 18 28.7553,+33 05 39.260,55219,3.49
HIP 55266 ,11 19 07.9434,+38 11 08.600,55266,4.76
HIP 55282 ,11 19 20.5226,-14 46 44.557,55282,3.56
HIP 55425 ,11 21 00.4422,-54 29 27.650,55425,3.9
HIP 55434 ,11 21 08.2482,+06 01 45.670,55434,4.05
HIP 55560 ,11 22 49.6138,+43 28 57.852,55560,4.99
HIP 55642 ,11 23 55.3688,+10 31 46.912,55642,4
HIP 55687 ,11 24 36.6054,-10 51 33.778,55687,4.81
HIP 55705 ,11 24 52.9832,-17 41 02.463,55705,4.06
HIP 55945 ,11 27 56.2299,+02 51 22.647,55945,4.95
HIP 56127 ,11 30 18.8818,-03 00 12.452,56127,4.77
HIP 56211 ,11 31 24.2885,+69 19 52.038,56211,3.82
HIP 56280 ,11 32 16.4175,-29 15 40.945,56280,4.93
HIP 56343 ,11 33 00.2590,-31 51 27.087,56343,3.54
HIP 56480 ,11 34 45.7119,-54 15 50.874,56480,4.62
HIP 56561 ,11 35 46.9283,-63 01 11.370,56561,3.11
HIP 56633 ,11 36 40.9485,-09 48 08.113,56633,4.7
HIP 56647 ,11 36 56.9299,-00 49 25.875,56647,4.3
HIP 56922 ,11 40 12.8204,-34 44 40.759,56922,4.7
HIP 56986 ,11 40 53.6527,-62 05 24.374,56986,4.93
HIP 57283 ,11 44 45.7589,-18 21 02.213,57283,4.71
HIP 57328 ,11 45 17.0048,+08 15 29.429,57328,4.84
HIP 57363 ,11 45 36.5673,-66 43 43.836,57363,3.63
HIP 57380 ,11 45 51.5706,+06 31 47.330,57380,4.04
HIP 57399 ,11 46 03.1341,+47 46 45.613,57399,3.69
HIP 57439 ,11 46 30.8490,-61 10 42.093,57439,4.11
HIP 57443 ,11 46 32.2470,-40 30 04.804,57443,4.89
HIP 57565 ,11 47 59.2264,+20 13 08.188,57565,4.5
HIP 57581 ,11 48 14.4894,-66 48 53.535,57581,4.75
HIP 57632 ,11 49 03.8783,+14 34 20.413,57632,2.14
HIP 57669 ,11 49 41.0880,-63 47 18.561,57669,4.3
HIP 57696 ,11 49 56.6271,-70 13 32.829,57696,4.98
HIP 57757 ,11 50 41.2861,+01 45 55.357,57757,3.59
HIP 57803 ,11 51 08.7516,-45 10 24.418,57803,4.47
HIP 57851 ,11 51 51.2729,-65 12 21.220,57851,4.89
HIP 57936 ,11 52 54.5613,-33 54 29.269,57936,4.29
HIP 58001 ,11 53 49.7413,+53 41 41.039,58001,2.41
HIP 58484 ,11 59 37.6913,-78 13 18.546,58484,4.88
HIP 58590 ,12 00 52.3903,+06 36 51.821,58590,4.65
HIP 58758 ,12 03 01.6991,-63 18 46.602,58758,4.32
HIP 58867 ,12 04 19.2377,-63 09 56.559,58867,4.72
HIP 58948 ,12 05 12.6696,+08 43 58.244,58948,4.12
HIP 59072 ,12 06 52.8529,-64 36 49.100,59072,4.14
HIP 59173 ,12 08 05.2563,-50 39 40.516,59173,4.46
HIP 59196 ,12 08 21.5436,-50 43 20.676,59196,2.58
HIP 59199 ,12 08 24.7527,-24 43 43.608,59199,4.02
HIP 59316 ,12 10 07.5259,-22 37 11.252,59316,3.02
HIP 59449 ,12 11 39.1514,-52 22 06.296,59449,3.97
HIP 59747 ,12 15 08.7570,-58 44 56.046,59747,2.79
HIP 59774 ,12 15 25.4491,+57 01 57.353,59774,3.32
HIP 59803 ,12 15 48.4678,-17 32 31.141,59803,2.58
HIP 59847 ,12 16 20.5552,+23 56 43.524,59847,4.93
HIP 59856 ,12 16 30.1748,+33 03 42.475,59856,4.99
HIP 59929 ,12 17 34.6363,-67 57 38.418,59929,4.06
HIP 60000 ,12 18 20.9439,-79 18 44.168,60000,4.24
HIP 60009 ,12 18 26.2927,-64 00 10.964,60009,4.06
HIP 60129 ,12 19 54.3914,-00 40 00.290,60129,3.89
HIP 60172 ,12 20 21.1526,+03 18 45.817,60172,4.97
HIP 60202 ,12 20 43.0931,+17 47 33.551,60202,4.72
HIP 60260 ,12 21 21.8113,-60 24 04.932,60260,3.59
HIP 60351 ,12 22 30.3192,+25 50 46.254,60351,4.78
HIP 60485 ,12 24 01.4823,+51 33 44.025,60485,4.76
HIP 60697 ,12 26 24.0737,+27 16 05.746,60697,4.92
HIP 60710 ,12 26 31.7882,-51 27 02.201,60710,4.82
HIP 60718 ,12 26 35.9414,-63 05 56.601,60718,0.77
HIP 60742 ,12 26 56.3276,+28 16 07.031,60742,4.35
HIP 60746 ,12 26 59.3041,+26 49 32.598,60746,4.98
HIP 60823 ,12 28 02.4116,-50 13 50.177,60823,3.91
HIP 60965 ,12 29 51.9832,-16 30 54.338,60965,2.94
HIP 61084 ,12 31 09.9293,-57 06 45.249,61084,1.59
HIP 61174 ,12 32 04.4848,-16 11 45.116,61174,4.3
HIP 61199 ,12 32 28.1110,-72 07 58.713,61199,3.84
HIP 61281 ,12 33 29.0425,+69 47 17.556,61281,3.85
HIP 61317 ,12 33 45.0925,+41 21 24.364,61317,4.24
HIP 61359 ,12 34 23.2341,-23 23 47.843,61359,2.65
HIP 61384 ,12 34 44.0653,+70 01 18.383,61384,4.95
HIP 61394 ,12 34 51.1178,+22 37 45.083,61394,4.8
HIP 61585 ,12 37 11.0837,-69 08 07.921,61585,2.69
HIP 61622 ,12 37 42.3278,-48 32 28.637,61622,3.85
HIP 61740 ,12 39 14.8125,-07 59 43.816,61740,4.66
HIP 61789 ,12 39 52.5614,-39 59 14.071,61789,4.63
HIP 61932 ,12 41 31.2050,-48 57 35.588,61932,2.2
HIP 61941 ,12 41 40.0021,-01 26 58.280,61941,2.74
HIP 61960 ,12 41 53.0076,+10 14 09.035,61960,4.88
HIP 61966 ,12 41 56.5968,-59 41 08.919,61966,4.91
HIP 62012 ,12 42 35.5611,-48 48 46.926,62012,4.66
HIP 62268 ,12 45 37.9162,-60 58 52.178,62268,4.69
HIP 62322 ,12 46 16.8696,-68 06 29.139,62322,3.04
HIP 62327 ,12 46 22.7495,-56 29 19.607,62327,4.62
HIP 62434 ,12 47 43.3189,-59 41 19.437,62434,1.25
HIP 62683 ,12 50 41.1870,-33 59 57.364,62683,4.9
HIP 62763 ,12 51 41.9278,+27 32 26.642,62763,4.93
HIP 62867 ,12 53 06.9766,-48 56 35.711,62867,4.33
HIP 62886 ,12 53 17.7708,+21 14 42.074,62886,4.89
HIP 62896 ,12 53 26.1460,-40 10 43.747,62896,4.25
HIP 62956 ,12 54 01.6330,+55 57 35.435,62956,1.76
HIP 62985 ,12 54 21.1741,-09 32 20.207,62985,4.77
HIP 63003 ,12 54 35.6576,-57 10 40.408,63003,4.03
HIP 63007 ,12 54 39.2200,-59 08 47.995,63007,4.62
HIP 63090 ,12 55 36.4833,+03 23 51.355,63090,3.39
HIP 63125 ,12 56 01.8409,+38 19 05.686,63125,2.89
HIP 63355 ,12 58 55.4659,+17 24 33.698,63355,4.76
HIP 63462 ,13 00 16.4855,+30 47 06.132,63462,4.88
HIP 63503 ,13 00 43.5858,+56 21 58.793,63503,4.93
HIP 63608 ,13 02 10.7605,+10 57 32.767,63608,2.85
HIP 63613 ,13 02 15.7775,-71 32 55.675,63613,3.61
HIP 63724 ,13 03 33.3479,-49 31 38.051,63724,4.83
HIP 63945 ,13 06 16.7304,-48 27 47.713,63945,4.71
HIP 64004 ,13 06 54.6630,-49 54 22.377,64004,4.27
HIP 64022 ,13 07 10.7079,+27 37 29.664,64022,4.8
HIP 64166 ,13 09 03.2830,-23 07 04.702,64166,4.94
HIP 64238 ,13 09 57.0120,-05 32 20.148,64238,4.38
HIP 64241 ,13 09 59.5494,+17 31 44.818,64241,4.32
HIP 64394 ,13 11 52.9227,+27 52 33.736,64394,4.23
HIP 64408 ,13 12 03.4668,-37 48 11.290,64408,4.85
HIP 64425 ,13 12 17.6293,-59 55 13.931,64425,4.58
HIP 64540 ,13 13 42.9815,+40 09 10.252,64540,4.94
HIP 64583 ,13 14 15.4281,-59 06 10.294,64583,4.9
HIP 64661 ,13 15 14.9978,-67 53 40.428,64661,4.79
HIP 64820 ,13 17 13.0350,-66 47 00.321,64820,4.86
HIP 64844 ,13 17 32.6371,+40 34 21.226,64844,4.72
HIP 64852 ,13 17 36.2869,+05 28 11.442,64852,4.78
HIP 64924 ,13 18 24.9720,-18 18 30.998,64924,4.74
HIP 64962 ,13 18 55.2534,-23 10 17.085,64962,2.99
HIP 65109 ,13 20 36.0656,-36 42 43.492,65109,2.75
HIP 65271 ,13 22 37.9798,-60 59 18.082,65271,4.52
HIP 65378 ,13 23 55.4198,+54 55 31.495,65378,2.23
HIP 65387 ,13 24 00.4434,-64 32 08.221,65387,4.52
HIP 65474 ,13 25 11.6046,-11 09 40.482,65474,0.98
HIP 65477 ,13 25 13.4156,+54 59 16.796,65477,3.99
HIP 65639 ,13 27 27.2381,-15 58 25.071,65639,4.76
HIP 65721 ,13 28 25.9504,+13 46 48.676,65721,4.97
HIP 65936 ,13 31 02.6685,-39 24 26.207,65936,3.9
HIP 66006 ,13 31 57.9460,-06 15 20.558,66006,4.68
HIP 66200 ,13 34 07.9053,+03 39 32.490,66200,4.92
HIP 66234 ,13 34 27.3735,+49 00 57.262,66234,4.68
HIP 66249 ,13 34 41.7547,-00 35 45.378,66249,3.38
HIP 66257 ,13 34 47.7463,+37 10 56.779,66257,4.91
HIP 66458 ,13 37 27.6969,+36 17 41.427,66458,4.82
HIP 66657 ,13 39 53.2727,-53 27 58.906,66657,2.29
HIP 66738 ,13 40 44.2925,+54 40 53.981,66738,4.63
HIP 66821 ,13 41 44.8148,-54 33 33.716,66821,4.99
HIP 67153 ,13 45 41.5666,-33 02 36.118,67153,4.23
HIP 67234 ,13 46 39.3684,-51 25 57.712,67234,4.64
HIP 67275 ,13 47 16.0366,+17 27 24.388,67275,4.5
HIP 67301 ,13 47 32.5461,+49 18 47.890,67301,1.85
HIP 67457 ,13 49 26.7513,-34 27 02.269,67457,4.19
HIP 67459 ,13 49 28.6979,+15 47 52.101,67459,4.05
HIP 67464 ,13 49 30.2974,-41 41 15.575,67464,3.41
HIP 67472 ,13 49 37.0078,-42 28 25.266,67472,3.47
HIP 67480 ,13 49 42.8199,+21 15 50.631,67480,4.92
HIP 67494 ,13 49 52.3445,-18 08 02.674,67494,4.96
HIP 67627 ,13 51 25.9376,+64 43 23.818,67627,4.58
HIP 67665 ,13 51 47.4895,+34 26 39.544,67665,4.76
HIP 67669 ,13 51 49.6252,-32 59 38.459,67669,4.32
HIP 67786 ,13 53 12.5483,-31 55 39.310,67786,4.75
HIP 67927 ,13 54 41.1162,+18 23 54.915,67927,2.68
HIP 68002 ,13 55 32.4349,-47 17 17.759,68002,2.55
HIP 68191 ,13 57 38.9368,-63 41 11.818,68191,4.71
HIP 68245 ,13 58 16.2847,-42 06 02.539,68245,3.83
HIP 68282 ,13 58 40.7714,-44 48 12.713,68282,3.87
HIP 68520 ,14 01 38.7832,+01 32 40.500,68520,4.23
HIP 68523 ,14 01 43.4920,-45 36 12.132,68523,4.34
HIP 68702 ,14 03 49.4446,-60 22 22.722,68702,0.61
HIP 68756 ,14 04 23.4260,+64 22 32.911,68756,3.67
HIP 68862 ,14 06 02.7860,-41 10 46.489,68862,4.36
HIP 68895 ,14 06 22.2690,-26 40 55.268,68895,3.25
HIP 68933 ,14 06 41.3247,-36 22 07.305,68933,2.06
HIP 69112 ,14 08 51.0090,+77 32 50.759,69112,4.8
HIP 69191 ,14 09 54.9566,-53 26 19.413,69191,4.74
HIP 69226 ,14 10 23.9485,+25 05 30.563,69226,4.82
HIP 69269 ,14 10 50.4835,-16 18 07.213,69269,4.93
HIP 69389 ,14 12 15.8304,+02 24 34.186,69389,4.99
HIP 69427 ,14 12 53.7410,-10 16 26.558,69427,4.18
HIP 69483 ,14 13 28.9499,+51 47 23.966,69483,4.53
HIP 69673 ,14 15 40.3474,+19 11 14.172,69673,-0.05
HIP 69701 ,14 16 00.8849,-05 59 58.294,69701,4.07
HIP 69713 ,14 16 10.0695,+51 22 01.250,69713,4.75
HIP 69732 ,14 16 23.1764,+46 05 16.508,69732,4.18
HIP 69879 ,14 17 59.8161,+35 30 34.095,69879,4.8
HIP 69896 ,14 18 13.9705,-81 00 27.365,69896,4.89
HIP 69974 ,14 19 06.6019,-13 22 16.199,69974,4.52
HIP 69996 ,14 19 24.2327,-46 03 29.102,69996,3.55
HIP 70027 ,14 19 45.3208,+16 18 24.484,70027,4.84
HIP 70069 ,14 20 19.5527,-56 23 11.325,70069,4.3
HIP 70090 ,14 20 33.4793,-37 53 06.962,70090,4.05
HIP 70104 ,14 20 42.5510,-45 11 12.773,70104,4.78
HIP 70264 ,14 22 37.1220,-58 27 32.970,70264,4.76
HIP 70300 ,14 23 02.2573,-39 30 42.358,70300,4.41
HIP 70306 ,14 23 05.9078,-27 45 13.442,70306,4.78
HIP 70327 ,14 23 22.7401,+08 26 47.905,70327,4.86
HIP 70497 ,14 25 12.0194,+51 51 06.169,70497,4.04
HIP 70574 ,14 26 08.2351,-45 13 17.004,70574,4.56
HIP 70576 ,14 26 10.8016,-45 22 45.339,70576,4.33
HIP 70638 ,14 26 55.7408,-83 40 04.271,70638,4.31
HIP 70692 ,14 27 31.5225,+75 41 45.381,70692,4.25
HIP 70753 ,14 28 10.4433,-29 29 29.687,70753,4.97
HIP 70755 ,14 28 12.2203,-02 13 40.620,70755,4.81
HIP 71053 ,14 31 49.8578,+30 22 16.122,71053,3.57
HIP 71075 ,14 32 04.7578,+38 18 28.381,71075,3.04
HIP 71121 ,14 32 37.0835,-50 27 25.637,71121,4.44
HIP 71284 ,14 34 40.6905,+29 44 41.306,71284,4.47
HIP 71352 ,14 35 30.4516,-42 09 27.884,71352,2.33
HIP 71536 ,14 37 53.2511,-49 25 32.728,71536,4.05
HIP 71681 ,14 39 39.3908,-60 50 22.097,71681,1.35
HIP 71683 ,14 39 40.8985,-60 50 06.529,71683,-0.01
HIP 71762 ,14 40 43.5610,+16 25 05.885,71762,4.49
HIP 71795 ,14 41 08.9204,+13 43 41.992,71795,3.78
HIP 71832 ,14 41 38.7565,+08 09 42.322,71832,4.86
HIP 71860 ,14 41 55.7738,-47 23 17.309,71860,2.3
HIP 71865 ,14 41 57.6128,-37 47 36.326,71865,4.01
HIP 71908 ,14 42 30.6850,-64 58 28.450,71908,3.18
HIP 71957 ,14 43 03.5623,-05 39 26.745,71957,3.87
HIP 71995 ,14 43 25.3719,+26 31 40.407,71995,4.8
HIP 72010 ,14 43 39.4835,-35 10 23.612,72010,4.06
HIP 72104 ,14 44 59.1951,-35 11 30.554,72104,4.92
HIP 72105 ,14 44 59.2509,+27 04 27.026,72105,2.35
HIP 72125 ,14 45 14.4972,+16 57 51.851,72125,4.6
HIP 72220 ,14 46 14.9918,+01 53 34.578,72220,3.73
HIP 72370 ,14 47 51.7262,-79 02 40.965,72370,3.83
HIP 72571 ,14 50 17.4667,-27 57 36.789,72571,4.42
HIP 72607 ,14 50 42.3954,+74 09 19.713,72607,2.07
HIP 72622 ,14 50 52.7773,-16 02 29.798,72622,2.75
HIP 72631 ,14 51 01.0201,-02 17 55.860,72631,4.93
HIP 72659 ,14 51 23.2842,+19 06 02.280,72659,4.54
HIP 72683 ,14 51 38.3233,-43 34 31.058,72683,4.32
HIP 73165 ,14 57 11.0568,-04 20 45.911,73165,4.47
HIP 73199 ,14 57 35.1191,+65 55 56.573,73199,4.63
HIP 73273 ,14 58 31.9541,-43 08 01.921,73273,2.68
HIP 73334 ,14 59 09.6990,-42 06 14.911,73334,3.13
HIP 73473 ,15 00 58.3877,-08 31 08.166,73473,4.91
HIP 73555 ,15 01 56.7931,+40 23 26.292,73555,3.49
HIP 73568 ,15 02 06.5121,+25 00 29.723,73568,4.8
HIP 73620 ,15 02 54.0700,+02 05 28.577,73620,4.39
HIP 73695 ,15 03 47.6818,+47 39 14.451,73695,4.83
HIP 73714 ,15 04 04.2619,-25 16 54.682,73714,3.25
HIP 73745 ,15 04 26.8571,+26 56 51.575,73745,4.52
HIP 73807 ,15 05 07.1057,-47 03 04.298,73807,3.91
HIP 73996 ,15 07 17.9471,+24 52 10.535,73996,4.93
HIP 74117 ,15 08 50.6296,-45 16 47.259,74117,4.07
HIP 74376 ,15 11 56.1610,-48 44 15.728,74376,3.88
HIP 74392 ,15 12 13.3122,-19 47 29.873,74392,4.54
HIP 74395 ,15 12 17.2032,-52 05 56.669,74395,3.41
HIP 74449 ,15 12 49.6047,-44 30 01.295,74449,4.83
HIP 74604 ,15 14 37.3259,-31 31 08.852,74604,4.91
HIP 74666 ,15 15 30.1038,+33 18 54.368,74666,3.46
HIP 74785 ,15 17 00.4718,-09 22 58.321,74785,2.61
HIP 74824 ,15 17 30.9602,-58 48 03.164,74824,4.07
HIP 74837 ,15 17 38.8878,-63 36 37.752,74837,4.85
HIP 74857 ,15 17 49.8449,-30 08 55.184,74857,4.35
HIP 74911 ,15 18 32.0486,-47 52 30.691,74911,4.27
HIP 74946 ,15 18 54.6888,-68 40 46.082,74946,2.87
HIP 75097 ,15 20 43.7492,+71 50 02.303,75097,3
HIP 75141 ,15 21 22.3364,-40 38 50.854,75141,3.22
HIP 75177 ,15 21 48.4365,-36 15 40.202,75177,3.57
HIP 75206 ,15 22 08.3941,-47 55 38.891,75206,4.99
HIP 75264 ,15 22 40.8875,-44 41 22.463,75264,3.37
HIP 75304 ,15 23 09.3633,-36 51 30.371,75304,4.54
HIP 75312 ,15 23 12.2263,+30 17 17.668,75312,4.99
HIP 75323 ,15 23 22.6578,-59 19 14.514,75323,4.48
HIP 75379 ,15 24 11.9301,-10 19 18.821,75379,4.92
HIP 75411 ,15 24 29.5362,+37 22 37.059,75411,4.31
HIP 75458 ,15 24 55.7841,+58 57 57.685,75458,3.29
HIP 75501 ,15 25 20.2524,-38 44 00.917,75501,4.6
HIP 75695 ,15 27 49.8519,+29 06 19.770,75695,3.66
HIP 76041 ,15 31 46.9923,+40 53 57.728,76041,4.98
HIP 76127 ,15 32 55.7959,+31 21 32.959,76127,4.14
HIP 76219 ,15 34 10.5197,-10 03 50.255,76219,4.61
HIP 76267 ,15 34 41.1895,+26 42 53.677,76267,2.22
HIP 76276 ,15 34 48.1902,+10 32 19.893,76276,3.8
HIP 76297 ,15 35 08.4604,-41 10 00.102,76297,2.8
HIP 76333 ,15 35 31.5394,-14 47 22.393,76333,3.91
HIP 76371 ,15 35 53.2650,-44 57 30.013,76371,4.55
HIP 76440 ,15 36 43.1869,-66 19 00.857,76440,4.11
HIP 76470 ,15 37 01.4586,-28 08 06.256,76470,3.6
HIP 76552 ,15 38 03.3223,-42 34 02.946,76552,4.34
HIP 76600 ,15 38 39.3844,-29 46 39.682,76600,3.66
HIP 76669 ,15 39 22.6838,+36 38 08.979,76669,4.64
HIP 76705 ,15 39 45.9749,-34 24 42.814,76705,4.66
HIP 76742 ,15 40 16.9053,-23 49 05.010,76742,4.97
HIP 76829 ,15 41 11.5157,-44 39 38.013,76829,4.64
HIP 76852 ,15 41 33.0923,+19 40 13.820,76852,4.51
HIP 76880 ,15 41 56.8187,-19 40 42.868,76880,4.75
HIP 76945 ,15 42 41.0371,-34 42 37.200,76945,4.75
HIP 76952 ,15 42 44.6382,+26 17 43.851,76952,3.81
HIP 77055 ,15 44 03.4639,+77 47 40.196,77055,4.29
HIP 77070 ,15 44 15.9958,+06 25 31.871,77070,2.63
HIP 77233 ,15 46 11.2149,+15 25 18.934,77233,3.65
HIP 77257 ,15 46 26.7459,+07 21 11.663,77257,4.42
HIP 77450 ,15 48 44.4086,+18 08 30.405,77450,4.09
HIP 77512 ,15 49 35.6980,+26 04 06.778,77512,4.59
HIP 77516 ,15 49 37.2657,-03 25 48.508,77516,3.54
HIP 77622 ,15 50 48.8912,+04 28 39.287,77622,3.71
HIP 77634 ,15 50 57.5418,-33 37 37.578,77634,3.97
HIP 77635 ,15 50 58.7536,-25 45 04.446,77635,4.63
HIP 77655 ,15 51 13.9374,+35 39 29.615,77655,4.79
HIP 77661 ,15 51 15.9431,+20 58 40.352,77661,4.74
HIP 77760 ,15 52 40.1944,+42 26 59.957,77760,4.6
HIP 77840 ,15 53 36.7284,-25 19 37.489,77840,4.59
HIP 77853 ,15 53 49.4771,-16 43 46.640,77853,4.13
HIP 77952 ,15 55 08.8080,-63 25 47.099,77952,2.83
HIP 78072 ,15 56 26.9942,+15 39 53.040,78072,3.85
HIP 78104 ,15 56 53.0867,-29 12 50.444,78104,3.87
HIP 78159 ,15 57 35.3019,+26 52 40.895,78159,4.14
HIP 78180 ,15 57 47.5929,+54 44 58.213,78180,4.96
HIP 78207 ,15 58 11.3763,-14 16 45.544,78207,4.95
HIP 78265 ,15 58 51.1207,-26 06 50.554,78265,2.89
HIP 78323 ,15 59 30.2958,-41 44 39.826,78323,4.99
HIP 78384 ,16 00 07.3405,-38 23 47.907,78384,3.42
HIP 78401 ,16 00 20.0117,-22 37 17.833,78401,2.29
HIP 78493 ,16 01 26.5906,+29 51 03.882,78493,4.98
HIP 78527 ,16 01 53.7037,+58 33 51.975,78527,4.01
HIP 78554 ,16 02 17.6891,+22 48 15.824,78554,4.82
HIP 78592 ,16 02 47.8511,+46 02 12.674,78592,4.72
HIP 78639 ,16 03 12.8602,-49 13 46.995,78639,4.65
HIP 78650 ,16 03 20.6670,-25 51 54.536,78650,4.96
HIP 78655 ,16 03 24.2026,-38 36 08.896,78655,4.9
HIP 78662 ,16 03 32.2210,-57 46 29.545,78662,4.63
HIP 78727 ,16 04 21.6300,-11 22 24.800,78727,4.16
HIP 78820 ,16 05 26.2349,-19 48 19.414,78820,2.56
HIP 78821 ,16 05 26.5752,-19 48 06.631,78821,4.9
HIP 78914 ,16 06 29.4236,-45 10 23.791,78914,4.73
HIP 78918 ,16 06 35.5563,-36 48 07.967,78918,4.22
HIP 78933 ,16 06 48.4325,-20 40 08.885,78933,3.93
HIP 78990 ,16 07 24.3001,-20 52 07.155,78990,4.31
HIP 79101 ,16 08 46.1993,+44 56 05.348,79101,4.23
HIP 79119 ,16 08 58.3286,+36 29 24.394,79119,4.73
HIP 79374 ,16 11 59.7405,-19 27 38.329,79374,4
HIP 79375 ,16 12 00.0016,-10 03 51.067,79375,4.93
HIP 79404 ,16 12 18.2117,-27 55 34.736,79404,4.58
HIP 79509 ,16 13 28.7343,-54 37 49.486,79509,4.95
HIP 79593 ,16 14 20.7662,-03 41 38.312,79593,2.73
HIP 79664 ,16 15 26.2661,-63 41 08.336,79664,3.86
HIP 79790 ,16 17 00.9355,-50 04 05.204,79790,4.97
HIP 79822 ,16 17 30.5010,+75 45 16.934,79822,4.95
HIP 79881 ,16 18 17.9209,-28 36 49.594,79881,4.8
HIP 79882 ,16 18 19.2408,-04 41 33.389,79882,3.23
HIP 79992 ,16 19 44.4479,+46 18 47.775,79992,3.91
HIP 80000 ,16 19 50.5676,-50 09 19.365,80000,4.01
HIP 80047 ,16 20 20.8351,-78 41 44.362,80047,4.68
HIP 80079 ,16 20 38.1834,-24 10 09.423,80079,4.55
HIP 80112 ,16 21 11.3225,-25 35 33.909,80112,2.9
HIP 80170 ,16 21 55.2437,+19 09 10.879,80170,3.74
HIP 80179 ,16 22 04.4400,+01 01 44.120,80179,4.82
HIP 80181 ,16 22 05.8901,+30 53 30.243,80181,4.86
HIP 80331 ,16 23 59.5069,+61 30 50.671,80331,2.73
HIP 80343 ,16 24 06.1973,-20 02 13.961,80343,4.48
HIP 80463 ,16 25 24.9296,+14 02 00.295,80463,4.57
HIP 80473 ,16 25 35.1211,-23 26 49.624,80473,4.57
HIP 80569 ,16 27 01.4383,-18 27 22.309,80569,4.22
HIP 80582 ,16 27 11.0478,-47 33 17.049,80582,4.46
HIP 80628 ,16 27 48.2270,-08 22 18.122,80628,4.62
HIP 80650 ,16 27 59.0532,+68 46 04.998,80650,4.94
HIP 80686 ,16 28 27.8012,-70 05 04.812,80686,4.9
HIP 80704 ,16 28 38.5249,+41 52 54.086,80704,4.83
HIP 80763 ,16 29 24.4675,-26 25 55.006,80763,1.06
HIP 80815 ,16 30 12.4779,-25 06 54.574,80815,4.79
HIP 80816 ,16 30 13.2617,+21 29 22.735,80816,2.78
HIP 80883 ,16 30 54.8412,+01 59 02.762,80883,3.82
HIP 80894 ,16 31 08.3949,-16 36 45.505,80894,4.29
HIP 80911 ,16 31 22.9415,-34 42 15.555,80911,4.24
HIP 80975 ,16 32 08.1866,-21 27 59.320,80975,4.45
HIP 81008 ,16 32 36.3983,+11 29 17.642,81008,4.84
HIP 81065 ,16 33 27.4642,-78 53 49.053,81065,3.86
HIP 81122 ,16 34 05.0203,-44 02 43.111,81122,4.86
HIP 81126 ,16 34 06.1893,+42 26 12.824,81126,4.2
HIP 81266 ,16 35 52.9594,-28 12 57.462,81266,2.82
HIP 81304 ,16 36 22.4609,-35 15 19.280,81304,4.18
HIP 81377 ,16 37 09.5300,-10 34 01.746,81377,2.54
HIP 81497 ,16 38 44.8880,+48 55 41.799,81497,4.86
HIP 81660 ,16 40 55.1194,+64 35 20.708,81660,4.84
HIP 81693 ,16 41 17.4771,+31 36 06.793,81693,2.81
HIP 81724 ,16 41 34.3963,-17 44 31.793,81724,4.91
HIP 81833 ,16 42 53.7386,+38 55 20.860,81833,3.48
HIP 81852 ,16 43 05.4196,-77 30 59.659,81852,4.23
HIP 82020 ,16 45 17.7897,+56 46 54.074,82020,4.84
HIP 82080 ,16 45 58.1615,+82 02 14.103,82080,4.21
HIP 82273 ,16 48 39.8658,-69 01 39.486,82273,1.91
HIP 82321 ,16 49 14.1993,+45 59 00.412,82321,4.82
HIP 82363 ,16 49 47.1114,-59 02 28.739,82363,3.77
HIP 82369 ,16 49 49.9731,-10 46 58.082,82369,4.64
HIP 82396 ,16 50 10.2450,-34 17 33.395,82396,2.29
HIP 82514 ,16 51 52.2389,-38 02 50.378,82514,3
HIP 82545 ,16 52 20.1535,-38 01 02.920,82545,3.56
HIP 82671 ,16 53 59.7273,-42 21 43.271,82671,4.7
HIP 82673 ,16 54 00.5034,+10 09 55.596,82673,4.39
HIP 82729 ,16 54 35.1052,-42 21 38.733,82729,3.62
HIP 82860 ,16 56 01.3595,+65 08 04.819,82860,4.88
HIP 83000 ,16 57 40.2706,+09 22 30.203,83000,3.19
HIP 83081 ,16 58 37.2308,-55 59 24.198,83081,3.12
HIP 83153 ,16 59 35.0467,-53 09 37.764,83153,4.06
HIP 83207 ,17 00 17.4062,+30 55 34.821,83207,3.92
HIP 83262 ,17 01 03.6255,-04 13 20.835,83262,4.82
HIP 83430 ,17 03 07.8560,+14 05 31.561,83430,4.97
HIP 83574 ,17 04 49.3511,-34 07 22.521,83574,4.83
HIP 83608 ,17 05 20.1823,+54 28 11.507,83608,4.91
HIP 83613 ,17 05 22.6602,+12 44 27.077,83613,4.89
HIP 83895 ,17 08 47.2251,+65 42 52.692,83895,3.17
HIP 84012 ,17 10 22.6624,-15 43 30.531,84012,2.43
HIP 84143 ,17 12 09.1759,-43 14 18.565,84143,3.32
HIP 84345 ,17 14 38.8624,+14 23 24.911,84345,2.78
HIP 84379 ,17 15 01.9242,+24 50 22.515,84379,3.12
HIP 84380 ,17 15 02.8543,+36 48 32.959,84380,3.16
HIP 84405 ,17 15 21.2873,-26 36 00.176,84405,4.33
HIP 84514 ,17 16 36.7056,-00 26 42.511,84514,4.72
HIP 84573 ,17 17 19.5705,+33 06 00.411,84573,4.8
HIP 84606 ,17 17 40.2859,+37 17 28.836,84606,4.64
HIP 84880 ,17 20 49.6356,-12 50 48.775,84880,4.32
HIP 84893 ,17 21 00.2103,-21 06 44.766,84893,4.39
HIP 84969 ,17 21 59.5348,-67 46 14.339,84969,4.76
HIP 84970 ,17 22 00.5841,-24 59 58.157,84970,3.27
HIP 85112 ,17 23 40.9729,+37 08 45.326,85112,4.15
HIP 85258 ,17 25 17.9972,-55 31 47.366,85258,2.84
HIP 85267 ,17 25 23.6599,-56 22 39.678,85267,3.31
HIP 85340 ,17 26 22.2174,-24 10 30.084,85340,4.16
HIP 85355 ,17 26 30.8796,+04 08 25.233,85355,4.34
HIP 85365 ,17 26 37.9351,-05 05 11.371,85365,4.53
HIP 85423 ,17 27 21.2640,-29 52 00.118,85423,4.28
HIP 85670 ,17 30 25.9769,+52 18 04.892,85670,2.79
HIP 85693 ,17 30 44.2980,+26 06 38.176,85693,4.41
HIP 85696 ,17 30 45.8388,-37 17 44.665,85696,2.7
HIP 85727 ,17 31 05.9769,-60 41 00.984,85727,3.6
HIP 85755 ,17 31 24.9509,-23 57 45.289,85755,4.78
HIP 85792 ,17 31 50.5216,-49 52 33.534,85792,2.84
HIP 85819 ,17 32 10.4180,+55 11 02.799,85819,4.89
HIP 85822 ,17 32 12.8972,+86 35 10.785,85822,4.35
HIP 85829 ,17 32 15.8790,+55 10 22.104,85829,4.86
HIP 85927 ,17 33 36.5265,-37 06 13.494,85927,1.62
HIP 86032 ,17 34 56.0048,+12 33 38.073,86032,2.08
HIP 86092 ,17 35 39.6113,-46 30 20.127,86092,4.56
HIP 86170 ,17 36 32.8468,-38 38 05.515,86170,4.26
HIP 86201 ,17 36 57.0899,+68 45 25.882,86201,4.77
HIP 86228 ,17 37 19.1258,-42 59 52.158,86228,1.86
HIP 86263 ,17 37 35.2252,-15 23 54.270,86263,3.54
HIP 86284 ,17 37 50.7198,-08 07 07.397,86284,4.58
HIP 86414 ,17 39 27.8924,+46 00 22.760,86414,3.82
HIP 86486 ,17 40 23.7323,-49 24 54.557,86486,4.76
HIP 86565 ,17 41 24.9165,-12 52 30.622,86565,4.24
HIP 86614 ,17 41 56.3070,+72 08 58.197,86614,4.57
HIP 86670 ,17 42 29.2798,-39 01 47.715,86670,2.39
HIP 86736 ,17 43 25.8550,-21 40 59.108,86736,4.86
HIP 86742 ,17 43 28.3769,+04 34 00.901,86742,2.76
HIP 86929 ,17 45 44.0024,-64 43 25.444,86929,3.61
HIP 86974 ,17 46 27.7189,+27 43 20.997,86974,3.42
HIP 87072 ,17 47 33.6271,-27 49 50.745,87072,4.53
HIP 87073 ,17 47 35.0811,-40 07 37.135,87073,2.99
HIP 87108 ,17 47 53.5740,+02 42 26.851,87108,3.75
HIP 87220 ,17 49 10.4733,-31 42 11.464,87220,4.79
HIP 87261 ,17 49 51.4512,-37 02 36.136,87261,3.19
HIP 87294 ,17 50 11.1100,-40 05 25.542,87294,4.78
HIP 87585 ,17 53 31.6295,+56 52 20.828,87585,3.73
HIP 87808 ,17 56 15.1785,+37 15 01.878,87808,3.86
HIP 87833 ,17 56 36.3779,+51 29 20.224,87833,2.24
HIP 87846 ,17 56 47.4256,-44 20 31.915,87846,4.85
HIP 87933 ,17 57 45.8307,+29 14 52.531,87933,3.7
HIP 87936 ,17 57 47.8065,-41 42 58.530,87936,4.88
HIP 87998 ,17 58 30.1497,+30 11 21.368,87998,4.41
HIP 88048 ,17 59 01.5976,-09 46 24.059,88048,3.32
HIP 88116 ,17 59 47.5567,-23 48 57.641,88116,4.74
HIP 88128 ,18 00 03.4207,+16 45 03.401,88128,4.67
HIP 88149 ,18 00 15.7976,+04 22 07.128,88149,4.79
HIP 88175 ,18 00 28.9204,-03 41 24.580,88175,4.62
HIP 88192 ,18 00 38.7155,+02 55 53.715,88192,3.93
HIP 88267 ,18 01 30.4029,+21 35 44.477,88267,4.26
HIP 88290 ,18 01 45.1895,+01 18 18.394,88290,4.42
HIP 88404 ,18 03 04.9107,-08 10 48.928,88404,4.77
HIP 88567 ,18 05 01.2225,-29 34 48.274,88567,4.66
HIP 88601 ,18 05 27.2128,+02 30 08.781,88601,4.03
HIP 88635 ,18 05 48.5246,-30 25 25.140,88635,2.98
HIP 88657 ,18 06 01.9087,+22 13 08.011,88657,4.96
HIP 88714 ,18 06 37.8788,-50 05 29.237,88714,3.65
HIP 88726 ,18 06 49.8845,-43 25 29.862,88726,4.92
HIP 88765 ,18 07 18.3543,+08 44 01.657,88765,4.64
HIP 88771 ,18 07 21.0207,+09 33 49.152,88771,3.71
HIP 88794 ,18 07 32.5508,+28 45 44.893,88794,3.84
HIP 88839 ,18 08 04.9630,-28 27 25.259,88839,4.55
HIP 88866 ,18 08 34.7908,-63 40 04.974,88866,4.33
HIP 88886 ,18 08 45.4926,+20 48 52.459,88886,4.37
HIP 89112 ,18 11 13.7762,-45 57 15.577,89112,4.52
HIP 89153 ,18 11 43.3280,-23 42 04.204,89153,4.96
HIP 89172 ,18 11 54.1669,+31 24 19.038,89172,4.96
HIP 89341 ,18 13 45.8087,-21 03 31.789,89341,3.84
HIP 89348 ,18 13 53.3585,+64 23 49.918,89348,4.99
HIP 89642 ,18 17 37.7292,-36 45 40.612,89642,3.1
HIP 89678 ,18 18 03.1879,-27 02 33.484,89678,4.66
HIP 89826 ,18 19 51.7212,+36 03 52.009,89826,4.33
HIP 89861 ,18 20 17.9036,+21 57 41.187,89861,4.92
HIP 89908 ,18 20 45.4412,+71 20 15.818,89908,4.22
HIP 89918 ,18 20 52.0621,+03 22 37.721,89918,4.85
HIP 89931 ,18 20 59.6216,-29 49 40.941,89931,2.72
HIP 89937 ,18 21 02.3390,+72 44 01.311,89937,3.55
HIP 89962 ,18 21 18.9206,-02 53 49.639,89962,3.23
HIP 90098 ,18 23 13.6206,-61 29 38.058,90098,4.35
HIP 90135 ,18 23 39.5538,-08 56 04.237,90135,4.66
HIP 90139 ,18 23 41.7668,+21 46 13.233,90139,3.85
HIP 90156 ,18 23 54.6489,+58 48 02.107,90156,4.98
HIP 90185 ,18 24 10.3463,-34 23 03.533,90185,1.79
HIP 90289 ,18 25 21.0355,-20 32 29.793,90289,4.81
HIP 90344 ,18 25 58.9879,+65 33 48.767,90344,4.82
HIP 90422 ,18 26 58.4303,-45 58 05.985,90422,3.49
HIP 90496 ,18 27 58.2695,-25 25 16.490,90496,2.82
HIP 90568 ,18 28 49.7360,-49 04 12.111,90568,4.1
HIP 90595 ,18 29 11.8519,-14 33 56.898,90595,4.67
HIP 90797 ,18 31 22.4265,-62 16 41.488,90797,4.63
HIP 90830 ,18 31 45.4361,-45 54 53.077,90830,4.92
HIP 90905 ,18 32 34.5223,+57 02 44.219,90905,4.77
HIP 90982 ,18 33 30.1601,-42 18 44.851,90982,4.62
HIP 91117 ,18 35 12.4379,-08 14 35.909,91117,3.85
HIP 91262 ,18 36 56.1860,+38 46 58.775,91262,0.03
HIP 91726 ,18 42 16.4221,-09 03 09.193,91726,4.7
HIP 91792 ,18 43 02.1338,-71 25 39.823,91792,4.01
HIP 91845 ,18 43 31.2402,-08 16 30.875,91845,4.88
HIP 91918 ,18 44 19.3595,-35 38 30.916,91918,4.86
HIP 91919 ,18 44 20.3373,+39 40 11.917,91919,4.67
HIP 91926 ,18 44 22.7758,+39 36 45.344,91926,4.59
HIP 91971 ,18 44 46.3359,+37 36 18.181,91971,4.34
HIP 92024 ,18 45 26.8562,-64 52 15.232,92024,4.78
HIP 92041 ,18 45 39.3530,-26 59 26.806,92041,3.17
HIP 92043 ,18 45 39.7312,+20 32 49.645,92043,4.19
HIP 92088 ,18 46 04.4681,+26 39 43.454,92088,4.83
HIP 92161 ,18 47 01.2224,+18 10 52.427,92161,4.34
HIP 92175 ,18 47 10.4773,-04 44 52.183,92175,4.22
HIP 92420 ,18 50 04.7939,+33 21 45.640,92420,3.52
HIP 92512 ,18 51 12.0066,+59 23 17.840,92512,4.63
HIP 92609 ,18 52 13.0365,-62 11 15.218,92609,4.22
HIP 92689 ,18 53 13.5413,+50 42 29.840,92689,4.92
HIP 92761 ,18 54 10.1753,-22 44 41.353,92761,4.86
HIP 92782 ,18 54 23.7663,+71 17 49.522,92782,4.82
HIP 92791 ,18 54 30.2887,+36 53 54.979,92791,4.22
HIP 92818 ,18 54 44.8812,+22 38 42.265,92818,4.57
HIP 92855 ,18 55 15.9167,-26 17 47.739,92855,2.05
HIP 92862 ,18 55 20.0852,+43 56 45.213,92862,4.08
HIP 92946 ,18 56 13.1603,+04 12 12.706,92946,4.62
HIP 92951 ,18 56 14.6129,+04 12 07.404,92951,4.98
HIP 93015 ,18 56 57.0407,-67 14 00.726,93015,4.4
HIP 93026 ,18 57 03.6341,-05 50 46.371,93026,4.83
HIP 93085 ,18 57 43.7797,-21 06 23.848,93085,3.52
HIP 93148 ,18 58 27.7552,-52 56 18.987,93148,4.85
HIP 93174 ,18 58 43.4740,-37 06 25.519,93174,4.83
HIP 93194 ,18 58 56.6246,+32 41 22.391,93194,3.25
HIP 93244 ,18 59 37.3892,+15 04 06.519,93244,4.02
HIP 93279 ,19 00 00.8214,+32 08 43.766,93279,4.94
HIP 93429 ,19 01 40.8414,-05 44 20.466,93429,4.02
HIP 93506 ,19 02 36.7234,-29 52 48.411,93506,2.6
HIP 93542 ,19 03 06.8326,-42 05 41.980,93542,4.74
HIP 93683 ,19 04 40.9338,-21 44 28.876,93683,3.76
HIP 93747 ,19 05 24.6124,+13 51 49.355,93747,2.99
HIP 93805 ,19 06 14.9499,-04 52 56.404,93805,3.43
HIP 93825 ,19 06 25.0396,-37 03 45.926,93825,4.23
HIP 93864 ,19 06 56.4423,-27 40 11.331,93864,3.32
HIP 94005 ,19 08 20.9330,-40 29 47.895,94005,4.57
HIP 94114 ,19 09 28.2783,-37 54 15.262,94114,4.11
HIP 94141 ,19 09 45.8338,-21 01 24.691,94141,2.88
HIP 94160 ,19 10 01.7524,-39 20 26.544,94160,4.1
HIP 94376 ,19 12 33.1550,+67 39 40.741,94376,3.07
HIP 94481 ,19 13 45.4887,+39 08 45.491,94481,4.43
HIP 94643 ,19 15 32.3972,-25 15 23.784,94643,4.86
HIP 94648 ,19 15 33.2937,+73 21 18.772,94648,4.45
HIP 94703 ,19 16 13.0396,+21 23 25.594,94703,4.76
HIP 94713 ,19 16 22.0954,+38 08 01.420,94713,4.35
HIP 94779 ,19 17 06.1099,+53 22 05.378,94779,3.8
HIP 94820 ,19 17 38.0856,-18 57 10.376,94820,4.88
HIP 95066 ,19 20 32.8382,-05 24 57.150,95066,4.98
HIP 95081 ,19 20 40.0720,+65 42 51.949,95081,4.6
HIP 95168 ,19 21 40.3753,-17 50 50.106,95168,3.92
HIP 95176 ,19 21 43.6220,-15 57 18.008,95176,4.52
HIP 95241 ,19 22 38.2865,-44 27 32.076,95241,3.96
HIP 95294 ,19 23 13.0606,-44 47 58.732,95294,4.27
HIP 95347 ,19 23 53.1514,-40 36 56.327,95347,3.96
HIP 95372 ,19 24 07.5718,+29 37 16.720,95372,4.99
HIP 95501 ,19 25 29.7527,+03 06 52.485,95501,3.36
HIP 95585 ,19 26 31.0897,+00 20 18.872,95585,4.64
HIP 95771 ,19 28 42.4110,+24 39 54.593,95771,4.44
HIP 95853 ,19 29 42.3393,+51 43 46.083,95853,3.76
HIP 95947 ,19 30 43.2853,+27 57 34.901,95947,3.05
HIP 96052 ,19 31 46.3210,+34 27 10.717,96052,4.74
HIP 96100 ,19 32 20.5865,+69 39 55.446,96100,4.67
HIP 96229 ,19 34 05.2277,+07 22 45.549,96229,4.45
HIP 96341 ,19 35 12.9938,-48 05 56.798,96341,4.88
HIP 96441 ,19 36 26.5424,+50 13 13.668,96441,4.49
HIP 96465 ,19 36 42.3891,-24 53 00.840,96465,4.59
HIP 96468 ,19 36 43.2765,-01 17 11.582,96468,4.36
HIP 96483 ,19 36 53.4486,-07 01 38.894,96483,4.93
HIP 96683 ,19 39 22.6043,+30 09 11.641,96683,4.68
HIP 96757 ,19 40 05.7825,+18 00 50.178,96757,4.39
HIP 96837 ,19 41 02.9337,+17 28 34.045,96837,4.39
HIP 97118 ,19 44 16.5516,+37 21 15.371,97118,4.89
HIP 97165 ,19 44 58.4421,+45 07 50.491,97165,2.86
HIP 97278 ,19 46 15.5702,+10 36 47.767,97278,2.72
HIP 97290 ,19 46 21.8192,-19 45 39.221,97290,4.87
HIP 97365 ,19 47 23.2652,+18 32 03.333,97365,3.68
HIP 97433 ,19 48 10.2136,+70 16 04.207,97433,3.84
HIP 97649 ,19 50 46.6821,+08 52 02.586,97649,0.76
HIP 97679 ,19 51 04.0936,+22 36 36.312,97679,4.9
HIP 97804 ,19 52 28.3638,+01 00 20.442,97804,3.87
HIP 97886 ,19 53 27.6808,+24 04 46.292,97886,4.57
HIP 97938 ,19 54 14.8218,+08 27 41.941,97938,4.71
HIP 98032 ,19 55 15.6791,-41 52 06.289,98032,4.12
HIP 98036 ,19 55 18.7662,+06 24 28.560,98036,3.71
HIP 98055 ,19 55 37.8223,+52 26 20.484,98055,4.91
HIP 98066 ,19 55 50.2250,-26 17 58.874,98066,4.7
HIP 98068 ,19 55 51.7612,+38 29 12.134,98068,4.95
HIP 98073 ,19 55 55.3883,+58 50 45.671,98073,4.98
HIP 98110 ,19 56 18.3962,+35 05 00.567,98110,3.89
HIP 98162 ,19 56 56.8249,-27 10 11.505,98162,4.54
HIP 98337 ,19 58 45.3876,+19 29 31.534,98337,3.51
HIP 98353 ,19 58 57.1763,-26 11 44.979,98353,4.84
HIP 98412 ,19 59 44.1743,-35 16 34.480,98412,4.37
HIP 98495 ,20 00 35.3933,-72 54 36.664,98495,3.97
HIP 98543 ,20 01 06.0101,+27 45 12.830,98543,4.66
HIP 98608 ,20 01 44.7223,-59 22 32.981,98608,4.95
HIP 98688 ,20 02 39.4593,-27 42 35.567,98688,4.43
HIP 98702 ,20 02 49.0472,+67 52 24.415,98702,4.51
HIP 98761 ,20 03 33.4114,-37 56 25.768,98761,4.77
HIP 98842 ,20 04 19.5630,-32 03 22.570,98842,4.99
HIP 99120 ,20 07 23.1686,-52 52 50.915,99120,4.93
HIP 99240 ,20 08 41.8601,-66 10 45.556,99240,3.55
HIP 99255 ,20 08 53.3164,+77 42 40.902,99255,4.38
HIP 99303 ,20 09 25.6167,+36 50 22.524,99303,4.93
HIP 99473 ,20 11 18.2648,-00 49 17.312,99473,3.24
HIP 99639 ,20 13 18.0420,+46 48 56.413,99639,4.8
HIP 99655 ,20 13 23.8011,+56 34 03.080,99655,4.28
HIP 99675 ,20 13 37.9027,+46 44 28.767,99675,3.8
HIP 99742 ,20 14 16.5856,+15 11 50.884,99742,4.94
HIP 99770 ,20 14 31.9825,+36 48 22.087,99770,4.93
HIP 99824 ,20 15 15.8909,+25 35 31.089,99824,4.79
HIP 99848 ,20 15 28.3182,+47 42 51.139,99848,3.96
HIP 99874 ,20 15 46.1574,+27 48 51.223,99874,4.5
HIP 100027,20 17 38.8561,-12 30 29.571,100027,4.3
HIP 100044,20 17 47.2044,+38 01 58.610,100044,4.77
HIP 100064,20 18 03.2185,-12 32 41.492,100064,3.58
HIP 100310,20 20 39.8067,-12 45 32.559,100310,4.77
HIP 100345,20 21 00.6464,-14 46 53.044,100345,3.05
HIP 100453,20 22 13.7000,+40 15 24.053,100453,2.23
HIP 100587,20 23 51.5960,+32 11 24.670,100587,4.43
HIP 100751,20 25 38.8496,-56 44 05.571,100751,1.94
HIP 101027,20 28 51.6237,-17 48 49.206,101027,4.77
HIP 101076,20 29 23.7310,+30 22 06.804,101076,4.01
HIP 101093,20 29 34.8273,+62 59 38.894,101093,4.21
HIP 101101,20 29 38.9587,-02 53 07.715,101101,4.91
HIP 101138,20 30 03.5318,+48 57 05.581,101138,4.94
HIP 101421,20 33 12.7648,+11 18 11.996,101421,4.03
HIP 101474,20 33 54.1882,+35 15 03.113,101474,4.61
HIP 101589,20 35 18.5082,+14 40 27.065,101589,4.64
HIP 101612,20 35 34.7682,-60 34 52.673,101612,4.75
HIP 101692,20 36 43.6270,-02 32 59.705,101692,4.91
HIP 101769,20 37 32.8698,+14 35 42.730,101769,3.64
HIP 101772,20 37 33.9897,-47 17 29.985,101772,3.11
HIP 101773,20 37 35.2397,-61 31 47.079,101773,4.86
HIP 101847,20 38 20.2735,-01 06 18.286,101847,4.31
HIP 101867,20 38 31.2924,+21 12 04.247,101867,4.81
HIP 101958,20 39 38.2545,+15 54 43.390,101958,3.77
HIP 102098,20 41 25.9134,+45 16 49.203,102098,1.25
HIP 102281,20 43 27.5457,+15 04 28.856,102281,4.43
HIP 102333,20 44 02.1867,-51 55 15.026,102333,4.51
HIP 102388,20 44 52.5232,+25 16 15.774,102388,4.92
HIP 102395,20 44 57.5557,-66 12 11.658,102395,3.42
HIP 102422,20 45 17.2686,+61 50 12.459,102422,3.41
HIP 102431,20 45 21.1966,+57 34 49.073,102431,4.52
HIP 102453,20 45 39.7591,+30 43 10.764,102453,4.22
HIP 102485,20 46 05.7661,-25 16 13.861,102485,4.13
HIP 102488,20 46 12.4322,+33 58 10.032,102488,2.48
HIP 102532,20 46 39.5180,+16 07 29.184,102532,4.27
HIP 102571,20 47 10.7244,+34 22 26.772,102571,4.93
HIP 102589,20 47 24.5270,+36 29 26.652,102589,4.53
HIP 102618,20 47 40.5326,-09 29 44.484,102618,3.78
HIP 102624,20 47 44.2379,-05 01 39.371,102624,4.43
HIP 102724,20 48 56.2934,+46 06 50.907,102724,4.81
HIP 102790,20 49 28.9292,-46 13 36.813,102790,4.9
HIP 102831,20 49 58.0795,-33 46 46.824,102831,4.89
HIP 102978,20 51 49.2962,-26 55 08.855,102978,4.12
HIP 103004,20 52 07.7256,+27 05 49.660,103004,4.56
HIP 103045,20 52 39.2058,-08 58 59.656,103045,4.73
HIP 103089,20 53 14.7453,+44 23 14.159,103089,4.8
HIP 103227,20 54 48.5796,-58 27 14.741,103227,3.67
HIP 103413,20 57 10.4116,+41 10 01.898,103413,3.94
HIP 103632,20 59 49.5503,+47 31 15.402,103632,4.74
HIP 103738,21 01 17.4617,-32 15 27.961,103738,4.67
HIP 104019,21 04 24.3246,-19 51 17.752,104019,4.82
HIP 104060,21 04 55.8558,+43 55 40.264,104060,3.72
HIP 104139,21 05 56.7794,-17 13 57.759,104139,4.08
HIP 104194,21 06 36.0881,+47 38 54.261,104194,4.56
HIP 104234,21 07 07.6854,-25 00 20.693,104234,4.49
HIP 104459,21 09 35.5928,-11 22 17.957,104459,4.5
HIP 104521,21 10 20.4711,+10 07 55.015,104521,4.7
HIP 104732,21 12 56.1815,+30 13 37.493,104732,3.21
HIP 104858,21 14 28.7901,+10 00 27.787,104858,4.47
HIP 104887,21 14 47.3466,+38 02 39.554,104887,3.74
HIP 104987,21 15 49.3967,+05 14 53.066,104987,3.92
HIP 105102,21 17 24.9525,+39 23 40.885,105102,4.22
HIP 105138,21 17 55.0679,+34 53 48.772,105138,4.41
HIP 105140,21 17 56.2466,-32 10 20.948,105140,4.71
HIP 105199,21 18 34.5816,+62 35 07.639,105199,2.45
HIP 105319,21 19 51.8838,-53 26 57.352,105319,4.39
HIP 105382,21 20 45.5836,-40 48 34.231,105382,4.8
HIP 105502,21 22 05.1339,+19 48 15.681,105502,4.08
HIP 105515,21 22 14.7774,-16 50 04.399,105515,4.28
HIP 105858,21 26 26.4921,-65 22 05.320,105858,4.21
HIP 105881,21 26 40.0277,-22 24 40.962,105881,3.77
HIP 106032,21 28 39.5750,+70 33 38.501,106032,3.23
HIP 106039,21 28 43.3160,-21 48 25.800,106039,4.5
HIP 106140,21 29 56.8797,+23 38 19.785,106140,4.52
HIP 106278,21 31 33.5207,-05 34 16.161,106278,2.9
HIP 106481,21 33 58.8729,+45 35 31.436,106481,3.98
HIP 106551,21 34 46.4774,+38 32 01.777,106551,4.87
HIP 106723,21 37 04.8228,-19 27 57.649,106723,4.51
HIP 106786,21 37 45.0421,-07 51 14.912,106786,4.68
HIP 106801,21 37 55.2268,+62 04 55.008,106801,4.76
HIP 106985,21 40 05.3422,-16 39 44.112,106985,3.69
HIP 107089,21 41 28.4731,-77 23 22.064,107089,3.73
HIP 107119,21 41 55.0761,+71 18 40.273,107119,4.55
HIP 107136,21 42 05.6597,+51 11 22.658,107136,4.69
HIP 107188,21 42 39.4172,-18 51 58.684,107188,4.72
HIP 107259,21 43 30.4549,+58 46 48.191,107259,4.23
HIP 107310,21 44 08.4045,+28 44 35.600,107310,4.49
HIP 107315,21 44 11.1403,+09 52 30.028,107315,2.38
HIP 107348,21 44 30.6905,+17 21 00.157,107348,4.34
HIP 107354,21 44 38.7042,+25 38 42.010,107354,4.14
HIP 107380,21 44 56.7878,-33 01 31.991,107380,4.35
HIP 107418,21 45 26.9293,+61 07 14.918,107418,4.25
HIP 107533,21 46 47.6059,+49 18 34.469,107533,4.23
HIP 107556,21 47 02.2853,-16 07 35.637,107556,2.85
HIP 108085,21 53 55.6541,-37 21 53.362,108085,3
HIP 108431,21 57 55.0310,-54 59 33.240,108431,4.4
HIP 108870,22 03 17.4396,-56 46 47.302,108870,4.69
HIP 108874,22 03 18.8296,-02 09 19.209,108874,4.74
HIP 108917,22 03 47.1619,+64 37 39.915,108917,4.26
HIP 109068,22 05 40.6920,+05 03 29.824,109068,4.86
HIP 109074,22 05 47.0253,-00 19 11.376,109074,2.95
HIP 109111,22 06 06.9036,-39 32 34.977,109111,4.47
HIP 109139,22 06 26.2053,-13 52 10.344,109139,4.29
HIP 109176,22 07 00.4745,+25 20 42.166,109176,3.77
HIP 109268,22 08 13.8764,-46 57 38.217,109268,1.73
HIP 109285,22 08 22.9532,-32 59 18.234,109285,4.5
HIP 109289,22 08 25.9281,-34 02 37.396,109289,4.99
HIP 109400,22 09 48.3670,+72 20 28.318,109400,4.79
HIP 109410,22 09 59.2526,+33 10 41.763,109410,4.28
HIP 109422,22 10 08.4835,-32 32 54.386,109422,4.94
HIP 109427,22 10 11.8198,+06 11 52.040,109427,3.52
HIP 109492,22 10 51.2619,+58 12 04.500,109492,3.39
HIP 109754,22 13 52.7015,+39 42 53.601,109754,4.5
HIP 109857,22 15 01.6790,+57 02 36.475,109857,4.18
HIP 109908,22 15 36.8848,-41 20 48.301,109908,4.79
HIP 109937,22 15 58.1702,+37 44 55.445,109937,4.14
HIP 110003,22 16 49.9664,-07 46 59.653,110003,4.17
HIP 110130,22 18 30.1782,-60 15 34.181,110130,2.87
HIP 110351,22 21 01.5283,+46 32 11.633,110351,4.55
HIP 110371,22 21 19.3276,+28 19 49.857,110371,4.78
HIP 110386,22 21 31.0713,+12 12 18.621,110386,4.82
HIP 110395,22 21 39.3000,-01 23 14.471,110395,3.86
HIP 110538,22 23 33.6364,+52 13 46.198,110538,4.42
HIP 110609,22 24 30.9957,+49 28 35.043,110609,4.55
HIP 110672,22 25 16.6125,+01 22 38.613,110672,4.8
HIP 110838,22 27 19.8731,-64 57 58.965,110838,4.51
HIP 110882,22 27 51.4770,+04 41 47.079,110882,4.78
HIP 110960,22 28 49.8006,-00 01 12.227,110960,3.65
HIP 110991,22 29 10.2479,+58 24 54.684,110991,4.07
HIP 110997,22 29 16.1541,-43 29 43.996,110997,3.97
HIP 111022,22 29 31.8227,+47 42 24.822,111022,4.34
HIP 111043,22 29 45.4455,-43 44 57.221,111043,4.12
HIP 111104,22 30 29.2616,+43 07 24.203,111104,4.52
HIP 111123,22 30 38.8150,-10 40 40.390,111123,4.82
HIP 111169,22 31 17.3758,+50 16 56.819,111169,3.76
HIP 111188,22 31 30.2896,-32 20 45.701,111188,4.29
HIP 111310,22 33 00.0126,-61 58 55.463,111310,4.91
HIP 111497,22 35 21.3289,-00 07 02.500,111497,4.04
HIP 111674,22 37 22.4658,+51 32 43.346,111674,4.64
HIP 111841,22 39 15.6789,+39 03 01.019,111841,4.89
HIP 111944,22 40 30.7824,+44 16 34.610,111944,4.5
HIP 111954,22 40 39.3256,-27 02 37.013,111954,4.18
HIP 112029,22 41 27.6748,+10 49 53.008,112029,3.41
HIP 112051,22 41 45.4097,+29 18 27.681,112051,4.8
HIP 112122,22 42 39.9349,-46 53 04.437,112122,2.07
HIP 112158,22 43 00.1286,+30 13 16.711,112158,2.93
HIP 112203,22 43 29.9687,-41 24 50.826,112203,4.84
HIP 112211,22 43 35.2526,-18 49 49.106,112211,4.68
HIP 112374,22 45 37.8521,-53 30 00.587,112374,4.84
HIP 112405,22 46 03.7233,-81 22 53.822,112405,4.13
HIP 112440,22 46 31.8424,+23 33 56.446,112440,3.97
HIP 112447,22 46 41.4415,+12 10 26.702,112447,4.2
HIP 112519,22 47 28.9474,+83 09 13.376,112519,4.77
HIP 112623,22 48 33.1971,-51 19 00.133,112623,3.49
HIP 112716,22 49 35.5098,-13 35 33.135,112716,4.05
HIP 112724,22 49 40.9122,+66 12 02.559,112724,3.5
HIP 112748,22 50 00.1003,+24 36 06.065,112748,3.51
HIP 112917,22 52 01.9473,+43 18 44.514,112917,4.95
HIP 112948,22 52 31.5579,-32 52 31.621,112948,4.46
HIP 112961,22 52 36.8645,-07 34 46.844,112961,3.73
HIP 113116,22 54 24.3843,+84 20 46.027,113116,4.7
HIP 113136,22 54 39.0392,-15 49 14.736,113136,3.27
HIP 113186,22 55 13.6243,+08 48 57.943,113186,4.91
HIP 113246,22 55 56.8920,-32 32 22.927,113246,4.2
HIP 113288,22 56 25.9987,+49 44 00.783,113288,4.99
HIP 113368,22 57 38.8256,-29 37 18.613,113368,1.17
HIP 113638,23 00 52.8743,-52 45 14.780,113638,4.11
HIP 113726,23 01 55.2465,+42 19 33.523,113726,3.62
HIP 113881,23 03 46.3334,+28 04 56.837,113881,2.44
HIP 113889,23 03 52.6065,+03 49 12.252,113889,4.48
HIP 113919,23 04 10.8318,+50 03 06.062,113919,4.64
HIP 113963,23 04 45.6168,+15 12 19.324,113963,2.49
HIP 114104,23 06 36.8098,+59 25 11.153,114104,4.84
HIP 114119,23 06 40.8073,-23 44 35.220,114119,4.48
HIP 114131,23 06 52.7685,-43 31 13.168,114131,4.28
HIP 114144,23 07 00.2558,+09 24 34.281,114144,4.54
HIP 114155,23 07 06.7392,+25 28 06.023,114155,4.76
HIP 114222,23 07 53.8381,+75 23 15.293,114222,4.41
HIP 114341,23 09 26.7621,-21 10 20.948,114341,3.68
HIP 114375,23 09 54.8769,-22 27 27.333,114375,4.71
HIP 114421,23 10 21.4279,-45 14 47.931,114421,3.88
HIP 114570,23 12 32.9229,+49 24 21.510,114570,4.53
HIP 114724,23 14 19.3325,-06 02 54.696,114724,4.22
HIP 114855,23 15 53.2769,-09 05 15.704,114855,4.24
HIP 114939,23 16 50.9505,-07 43 35.278,114939,4.93
HIP 114971,23 17 09.4936,+03 16 56.083,114971,3.7
HIP 114996,23 17 25.8120,-58 14 09.339,114996,3.99
HIP 115022,23 17 44.6163,+49 00 55.020,115022,4.82
HIP 115033,23 17 54.2036,-09 10 56.964,115033,4.41
HIP 115088,23 18 37.4069,+68 06 41.105,115088,4.75
HIP 115102,23 18 49.4268,-32 31 54.609,115102,4.41
HIP 115115,23 18 57.6509,-09 36 38.632,115115,4.99
HIP 115250,23 20 38.2232,+23 44 25.293,115250,4.58
HIP 115438,23 22 58.3015,-20 06 01.242,115438,3.96
HIP 115590,23 24 50.2470,+62 16 58.220,115590,4.96
HIP 115623,23 25 22.6614,+23 24 14.445,115623,4.42
HIP 115669,23 26 02.8174,-20 38 30.700,115669,4.38
HIP 115738,23 26 55.9053,+01 15 21.015,115738,4.95
HIP 115830,23 27 58.1678,+06 22 44.750,115830,4.27
HIP 115919,23 29 09.2603,+12 45 37.773,115919,4.54
HIP 115990,23 30 01.9195,+58 32 56.075,115990,4.89
HIP 116231,23 32 58.1881,-37 49 06.092,116231,4.38
HIP 116247,23 33 16.6251,-20 54 52.290,116247,4.7
HIP 116310,23 33 57.1533,+31 19 31.159,116310,4.97
HIP 116389,23 35 04.5306,-42 36 54.364,116389,4.69
HIP 116584,23 37 33.7077,+46 27 33.034,116584,3.81
HIP 116602,23 37 50.9353,-45 29 32.357,116602,4.74
HIP 116631,23 38 08.1791,+43 16 05.074,116631,4.29
HIP 116727,23 39 20.9820,+77 37 55.081,116727,3.21
HIP 116758,23 39 47.0368,-14 13 19.354,116758,4.97
HIP 116771,23 39 56.8203,+05 37 38.473,116771,4.13
HIP 116805,23 40 24.4418,+44 20 02.320,116805,4.15
HIP 116901,23 41 45.7974,-17 48 59.520,116901,4.82
HIP 116928,23 42 02.8818,+01 46 49.502,116928,4.49
HIP 116971,23 42 43.2849,-14 32 41.073,116971,4.49
HIP 117073,23 43 59.4380,+29 21 41.590,117073,4.93
HIP 117221,23 46 02.0389,+46 25 13.047,117221,4.97
HIP 117245,23 46 23.5369,+03 29 12.738,117245,4.95
HIP 117301,23 47 03.3867,+58 39 06.666,117301,4.88
HIP 117452,23 48 55.4799,-28 07 48.053,117452,4.59
HIP 117863,23 54 23.0373,+57 29 57.806,117863,4.51
HIP 118131,23 57 45.5496,+25 08 29.326,118131,4.63
HIP 118209,23 58 40.4106,-03 33 20.907,118209,4.88
HIP 118243,23 59 00.5297,+55 45 17.786,118243,4.88
HIP 118268,23 59 18.6024,+06 51 48.937,118268,4.03
HIP 118322,23 59 54.9101,-65 34 37.480,118322,4.49
